option,SKU,SMSXR,SMSXR-NP,SMSXP,SMSXP-NP,SMSXU,SMSXU-NP,SMDXR,SMDXR-NP,SMDXP,SMDXP-NP,SMDXU,SMDXU-NP,M1SXR,M1SXR-NP,M1SXP,M1SXP-NP,M1SXU,M1SXU-NP,M1DXR,M1DXR-NP,M1DXP,M1DXP-NP,M1DXU,M1DXU-NP,M3SXR,M3SXR-NP,M3SXP,M3SXP-NP,M3SXU,M3SXU-NP,M3DXR,M3DXR-NP,M3DXP,M3DXP-NP,M3DXU,M3DXU-NP,M4SXR,M4SXR-NP,M4SXP,M4SXP-NP,M4SXU,M4SXU-NP,M4DXR,M4DXR-NP,M4DXP,M4DXP-NP,M4DXU,M4DXU-NP
0.2 m / 7 in,020CM,$2.68,$2.90,$6.08,$6.30,$7.08,$7.30,$4.92,$5.36,$9.32,$9.76,$13.32,$13.76,$2.72,$2.94,$6.12,$6.34,$7.12,$7.34,$5.02,$5.44,$9.42,$9.84,$13.42,$13.84,$2.72,$2.94,$6.12,$6.34,$7.12,$7.34,$5.02,$5.44,$9.42,$9.84,$13.42,$13.84,$2.50,$2.52,$5.10,$5.12,$6.10,$6.12,$5.00,$5.04,$10.20,$10.24,$12.20,$12.24
0.3 m / 1 ft,001FT,$2.72,$2.96,$6.09,$6.32,$7.12,$7.36,$4.99,$5.45,$9.39,$9.85,$13.39,$13.85,$2.79,$3.02,$6.19,$6.42,$7.19,$7.42,$5.14,$5.57,$9.54,$9.97,$13.54,$13.97,$2.79,$3.02,$6.19,$6.42,$7.19,$7.42,$5.14,$5.57,$9.54,$9.97,$13.54,$13.97,$2.56,$2.59,$5.16,$5.19,$6.16,$6.19,$5.11,$5.17,$10.31,$10.37,$12.31,$12.37
0.5 m / 1.64 ft,050CM,$2.80,$3.05,$6.15,$6.40,$7.20,$7.45,$5.10,$5.60,$9.50,$10.00,$13.50,$14.00,$2.90,$3.15,$6.30,$6.55,$7.30,$7.55,$5.35,$5.80,$9.75,$10.20,$13.75,$14.20,$2.90,$3.15,$6.30,$6.55,$7.30,$7.55,$5.35,$5.80,$9.75,$10.20,$13.75,$14.20,$2.65,$2.70,$5.25,$5.30,$6.25,$6.30,$5.30,$5.40,$10.50,$10.60,$12.50,$12.60
0.6 m / 2 ft,002FT,$2.84,$3.11,$6.18,$6.44,$7.24,$7.51,$5.17,$5.69,$9.57,$10.09,$13.57,$14.09,$2.97,$3.23,$6.37,$6.63,$7.37,$7.63,$5.47,$5.93,$9.87,$10.33,$13.87,$14.33,$2.97,$3.23,$6.37,$6.63,$7.37,$7.63,$5.47,$5.93,$9.87,$10.33,$13.87,$14.33,$2.71,$2.77,$5.31,$5.37,$6.31,$6.37,$5.41,$5.53,$10.61,$10.73,$12.61,$12.73
0.91 m / 3 ft,003FT,$2.96,$3.26,$6.27,$6.56,$7.36,$7.66,$5.35,$5.93,$9.75,$10.33,$13.75,$14.33,$3.15,$3.44,$6.55,$6.84,$7.55,$7.84,$5.80,$6.29,$10.20,$10.69,$14.20,$14.69,$3.15,$3.44,$6.55,$6.84,$7.55,$7.84,$5.80,$6.29,$10.20,$10.69,$14.20,$14.69,$2.86,$2.95,$5.46,$5.55,$6.46,$6.55,$5.71,$5.89,$10.91,$11.09,$12.91,$13.09
1 m / 3.28 ft,001M,$3.00,$3.30,$6.30,$6.60,$7.40,$7.70,$5.40,$6.00,$9.80,$10.40,$13.80,$14.40,$3.20,$3.50,$6.60,$6.90,$7.60,$7.90,$5.90,$6.40,$10.30,$10.80,$14.30,$14.80,$3.20,$3.50,$6.60,$6.90,$7.60,$7.90,$5.90,$6.40,$10.30,$10.80,$14.30,$14.80,$2.90,$3.00,$5.50,$5.60,$6.50,$6.60,$5.80,$6.00,$11.00,$11.20,$13.00,$13.20
1.21 m / 4 ft,004FT,$3.08,$3.41,$6.36,$6.68,$7.48,$7.81,$5.53,$6.17,$9.93,$10.57,$13.93,$14.57,$3.33,$3.65,$6.73,$7.05,$7.73,$8.05,$6.13,$6.65,$10.53,$11.05,$14.53,$15.05,$3.33,$3.65,$6.73,$7.05,$7.73,$8.05,$6.13,$6.65,$10.53,$11.05,$14.53,$15.05,$3.01,$3.13,$5.61,$5.73,$6.61,$6.73,$6.01,$6.25,$11.21,$11.45,$13.21,$13.45
1.5 m / 4.92 ft,150CM,$3.20,$3.55,$6.45,$6.80,$7.60,$7.95,$5.70,$6.40,$10.10,$10.80,$14.10,$14.80,$3.50,$3.85,$6.90,$7.25,$7.90,$8.25,$6.45,$7.00,$10.85,$11.40,$14.85,$15.40,$3.50,$3.85,$6.90,$7.25,$7.90,$8.25,$6.45,$7.00,$10.85,$11.40,$14.85,$15.40,$3.15,$3.30,$5.75,$5.90,$6.75,$6.90,$6.30,$6.60,$11.50,$11.80,$13.50,$13.80
1.52 m / 5 ft,005FT,$3.21,$3.56,$6.46,$6.81,$7.61,$7.96,$5.71,$6.42,$10.11,$10.82,$14.11,$14.82,$3.51,$3.86,$6.91,$7.26,$7.91,$8.26,$6.47,$7.02,$10.87,$11.42,$14.87,$15.42,$3.51,$3.86,$6.91,$7.26,$7.91,$8.26,$6.47,$7.02,$10.87,$11.42,$14.87,$15.42,$3.16,$3.31,$5.76,$5.91,$6.76,$6.91,$6.32,$6.62,$11.52,$11.82,$13.52,$13.82
1.82 m / 6 ft,006FT,$3.33,$3.71,$6.55,$6.93,$7.73,$8.11,$5.89,$6.66,$10.29,$11.06,$14.29,$15.06,$3.69,$4.07,$7.09,$7.47,$8.09,$8.47,$6.80,$7.38,$11.20,$11.78,$15.20,$15.78,$3.69,$4.07,$7.09,$7.47,$8.09,$8.47,$6.80,$7.38,$11.20,$11.78,$15.20,$15.78,$3.31,$3.49,$5.91,$6.09,$6.91,$7.09,$6.62,$6.98,$11.82,$12.18,$13.82,$14.18
2 m / 6.56 ft,002M,$3.40,$3.80,$6.60,$7.00,$7.80,$8.20,$6.00,$6.80,$10.40,$11.20,$14.40,$15.20,$3.80,$4.20,$7.20,$7.60,$8.20,$8.60,$7.00,$7.60,$11.40,$12.00,$15.40,$16.00,$3.80,$4.20,$7.20,$7.60,$8.20,$8.60,$7.00,$7.60,$11.40,$12.00,$15.40,$16.00,$3.40,$3.60,$6.00,$6.20,$7.00,$7.20,$6.80,$7.20,$12.00,$12.40,$14.00,$14.40
2.12 m / 7 ft,007FT,$3.45,$3.86,$6.64,$7.05,$7.85,$8.26,$6.07,$6.90,$10.47,$11.30,$14.47,$15.30,$3.87,$4.28,$7.27,$7.68,$8.27,$8.68,$7.13,$7.74,$11.53,$12.14,$15.53,$16.14,$3.87,$4.28,$7.27,$7.68,$8.27,$8.68,$7.13,$7.74,$11.53,$12.14,$15.53,$16.14,$3.46,$3.67,$6.06,$6.27,$7.06,$7.27,$6.92,$7.34,$12.12,$12.54,$14.12,$14.54
2.43 m / 8 ft,008FT,$3.57,$4.02,$6.73,$7.17,$7.97,$8.42,$6.26,$7.14,$10.66,$11.54,$14.66,$15.54,$4.06,$4.50,$7.46,$7.90,$8.46,$8.90,$7.47,$8.12,$11.87,$12.52,$15.87,$16.52,$4.06,$4.50,$7.46,$7.90,$8.46,$8.90,$7.47,$8.12,$11.87,$12.52,$15.87,$16.52,$3.62,$3.86,$6.22,$6.46,$7.22,$7.46,$7.23,$7.72,$12.43,$12.92,$14.43,$14.92
2.5 m /  8.20 ft,250CM,$3.60,$4.05,$6.75,$7.20,$8.00,$8.45,$6.30,$7.20,$10.70,$11.60,$14.70,$15.60,$4.10,$4.55,$7.50,$7.95,$8.50,$8.95,$7.55,$8.20,$11.95,$12.60,$15.95,$16.60,$4.10,$4.55,$7.50,$7.95,$8.50,$8.95,$7.55,$8.20,$11.95,$12.60,$15.95,$16.60,$3.65,$3.90,$6.25,$6.50,$7.25,$7.50,$7.30,$7.80,$12.50,$13.00,$14.50,$15.00
2.74 m / 9 ft,009FT,$3.70,$4.17,$6.82,$7.30,$8.10,$8.57,$6.44,$7.39,$10.84,$11.79,$14.84,$15.79,$4.24,$4.72,$7.64,$8.12,$8.64,$9.12,$7.81,$8.49,$12.21,$12.89,$16.21,$16.89,$4.24,$4.72,$7.64,$8.12,$8.64,$9.12,$7.81,$8.49,$12.21,$12.89,$16.21,$16.89,$3.77,$4.04,$6.37,$6.64,$7.37,$7.64,$7.54,$8.09,$12.74,$13.29,$14.74,$15.29
3 m / 9.84 ft,003M,$3.80,$4.30,$6.90,$7.40,$8.20,$8.70,$6.60,$7.60,$11.00,$12.00,$15.00,$16.00,$4.40,$4.90,$7.80,$8.30,$8.80,$9.30,$8.10,$8.80,$12.50,$13.20,$16.50,$17.20,$4.40,$4.90,$7.80,$8.30,$8.80,$9.30,$8.10,$8.80,$12.50,$13.20,$16.50,$17.20,$3.90,$4.20,$6.50,$6.80,$7.50,$7.80,$7.80,$8.40,$13.00,$13.60,$15.00,$15.60
3.05 m / 10 ft,010FT,$3.82,$4.33,$6.92,$7.42,$8.22,$8.73,$6.63,$7.64,$11.03,$12.04,$15.03,$16.04,$4.43,$4.94,$7.83,$8.34,$8.83,$9.34,$8.16,$8.86,$12.56,$13.26,$16.56,$17.26,$4.43,$4.94,$7.83,$8.34,$8.83,$9.34,$8.16,$8.86,$12.56,$13.26,$16.56,$17.26,$3.93,$4.23,$6.53,$6.83,$7.53,$7.83,$7.85,$8.46,$13.05,$13.66,$15.05,$15.66
3.5 m / 11.48 ft,350CM,$4.00,$4.55,$7.05,$7.60,$8.40,$8.95,$6.90,$8.00,$11.30,$12.40,$15.30,$16.40,$4.70,$5.25,$8.10,$8.65,$9.10,$9.65,$8.65,$9.40,$13.05,$13.80,$17.05,$17.80,$4.70,$5.25,$8.10,$8.65,$9.10,$9.65,$8.65,$9.40,$13.05,$13.80,$17.05,$17.80,$4.15,$4.50,$6.75,$7.10,$7.75,$8.10,$8.30,$9.00,$13.50,$14.20,$15.50,$16.20
3.65 m / 12 ft,012FT,$4.06,$4.63,$7.10,$7.66,$8.46,$9.03,$6.99,$8.12,$11.39,$12.52,$15.39,$16.52,$4.79,$5.36,$8.19,$8.76,$9.19,$9.76,$8.82,$9.58,$13.22,$13.98,$17.22,$17.98,$4.79,$5.36,$8.19,$8.76,$9.19,$9.76,$8.82,$9.58,$13.22,$13.98,$17.22,$17.98,$4.23,$4.59,$6.83,$7.19,$7.83,$8.19,$8.45,$9.18,$13.65,$14.38,$15.65,$16.38
4 m / 13.12 ft,004M,$4.20,$4.80,$7.20,$7.80,$8.60,$9.20,$7.20,$8.40,$11.60,$12.80,$15.60,$16.80,$5.00,$5.60,$8.40,$9.00,$9.40,$10.00,$9.20,$10.00,$13.60,$14.40,$17.60,$18.40,$5.00,$5.60,$8.40,$9.00,$9.40,$10.00,$9.20,$10.00,$13.60,$14.40,$17.60,$18.40,$4.40,$4.80,$7.00,$7.40,$8.00,$8.40,$8.80,$9.60,$14.00,$14.80,$16.00,$16.80
4.26 m / 14 ft,014FT,$4.30,$4.93,$7.28,$7.90,$8.70,$9.33,$7.36,$8.61,$11.76,$13.01,$15.76,$17.01,$5.16,$5.78,$8.56,$9.18,$9.56,$10.18,$9.49,$10.31,$13.89,$14.71,$17.89,$18.71,$5.16,$5.78,$8.56,$9.18,$9.56,$10.18,$9.49,$10.31,$13.89,$14.71,$17.89,$18.71,$4.53,$4.96,$7.13,$7.56,$8.13,$8.56,$9.06,$9.91,$14.26,$15.11,$16.26,$17.11
4.57 m / 15 ft,015FT,$4.43,$5.09,$7.37,$8.03,$8.83,$9.49,$7.54,$8.86,$11.94,$13.26,$15.94,$17.26,$5.34,$6.00,$8.74,$9.40,$9.74,$10.40,$9.83,$10.68,$14.23,$15.08,$18.23,$19.08,$5.34,$6.00,$8.74,$9.40,$9.74,$10.40,$9.83,$10.68,$14.23,$15.08,$18.23,$19.08,$4.69,$5.14,$7.29,$7.74,$8.29,$8.74,$9.37,$10.28,$14.57,$15.48,$16.57,$17.48
4.87 m / 16 ft,016FT,$4.55,$5.24,$7.46,$8.15,$8.95,$9.64,$7.72,$9.10,$12.12,$13.50,$16.12,$17.50,$5.52,$6.21,$8.92,$9.61,$9.92,$10.61,$10.16,$11.04,$14.56,$15.44,$18.56,$19.44,$5.52,$6.21,$8.92,$9.61,$9.92,$10.61,$10.16,$11.04,$14.56,$15.44,$18.56,$19.44,$4.84,$5.32,$7.44,$7.92,$8.44,$8.92,$9.67,$10.64,$14.87,$15.84,$16.87,$17.84
5 m / 16.40 ft,005M,$4.60,$5.30,$7.50,$8.20,$9.00,$9.70,$7.80,$9.20,$12.20,$13.60,$16.20,$17.60,$5.60,$6.30,$9.00,$9.70,$10.00,$10.70,$10.30,$11.20,$14.70,$15.60,$18.70,$19.60,$5.60,$6.30,$9.00,$9.70,$10.00,$10.70,$10.30,$11.20,$14.70,$15.60,$18.70,$19.60,$4.90,$5.40,$7.50,$8.00,$8.50,$9.00,$9.80,$10.80,$15.00,$16.00,$17.00,$18.00
5.48 m / 18 ft,018FT,$4.79,$5.54,$7.64,$8.39,$9.19,$9.94,$8.09,$9.58,$12.49,$13.98,$16.49,$17.98,$5.89,$6.64,$9.29,$10.04,$10.29,$11.04,$10.83,$11.78,$15.23,$16.18,$19.23,$20.18,$5.89,$6.64,$9.29,$10.04,$10.29,$11.04,$10.83,$11.78,$15.23,$16.18,$19.23,$20.18,$5.14,$5.69,$7.74,$8.29,$8.74,$9.29,$10.28,$11.38,$15.48,$16.58,$17.48,$18.58
6 m / 19.68 ft,006M,$5.00,$5.80,$7.80,$8.60,$9.40,$10.20,$8.40,$10.00,$12.80,$14.40,$16.80,$18.40,$6.20,$7.00,$9.60,$10.40,$10.60,$11.40,$11.40,$12.40,$15.80,$16.80,$19.80,$20.80,$6.20,$7.00,$9.60,$10.40,$10.60,$11.40,$11.40,$12.40,$15.80,$16.80,$19.80,$20.80,$5.40,$6.00,$8.00,$8.60,$9.00,$9.60,$10.80,$12.00,$16.00,$17.20,$18.00,$19.20
6.09 m / 20 ft,020FT,$5.04,$5.85,$7.83,$8.64,$9.44,$10.25,$8.45,$10.07,$12.85,$14.47,$16.85,$18.47,$6.25,$7.06,$9.65,$10.46,$10.65,$11.46,$11.50,$12.51,$15.90,$16.91,$19.90,$20.91,$6.25,$7.06,$9.65,$10.46,$10.65,$11.46,$11.50,$12.51,$15.90,$16.91,$19.90,$20.91,$5.45,$6.05,$8.05,$8.65,$9.05,$9.65,$10.89,$12.11,$16.09,$17.31,$18.09,$19.31
7 m / 22.96 ft,007M,$5.40,$6.30,$8.10,$9.00,$9.80,$10.70,$9.00,$10.80,$13.40,$15.20,$17.40,$19.20,$6.80,$7.70,$10.20,$11.10,$11.20,$12.10,$12.50,$13.60,$16.90,$18.00,$20.90,$22.00,$6.80,$7.70,$10.20,$11.10,$11.20,$12.10,$12.50,$13.60,$16.90,$18.00,$20.90,$22.00,$5.90,$6.60,$8.50,$9.20,$9.50,$10.20,$11.80,$13.20,$17.00,$18.40,$19.00,$20.40
7.62 m / 25 ft,025FT,$5.65,$6.61,$8.29,$9.25,$10.05,$11.01,$9.37,$11.30,$13.77,$15.70,$17.77,$19.70,$7.17,$8.13,$10.57,$11.53,$11.57,$12.53,$13.18,$14.34,$17.58,$18.74,$21.58,$22.74,$7.17,$8.13,$10.57,$11.53,$11.57,$12.53,$13.18,$14.34,$17.58,$18.74,$21.58,$22.74,$6.21,$6.97,$8.81,$9.57,$9.81,$10.57,$12.42,$13.94,$17.62,$19.14,$19.62,$21.14
8 m / 26.24 ft,008M,$5.80,$6.80,$8.40,$9.40,$10.20,$11.20,$9.60,$11.60,$14.00,$16.00,$18.00,$20.00,$7.40,$8.40,$10.80,$11.80,$11.80,$12.80,$13.60,$14.80,$18.00,$19.20,$22.00,$23.20,$7.40,$8.40,$10.80,$11.80,$11.80,$12.80,$13.60,$14.80,$18.00,$19.20,$22.00,$23.20,$6.40,$7.20,$9.00,$9.80,$10.00,$10.80,$12.80,$14.40,$18.00,$19.60,$20.00,$21.60
9 m / 29.52 ft,009M,$6.20,$7.30,$8.70,$9.80,$10.60,$11.70,$10.20,$12.40,$14.60,$16.80,$18.60,$20.80,$8.00,$9.10,$11.40,$12.50,$12.40,$13.50,$14.70,$16.00,$19.10,$20.40,$23.10,$24.40,$8.00,$9.10,$11.40,$12.50,$12.40,$13.50,$14.70,$16.00,$19.10,$20.40,$23.10,$24.40,$6.90,$7.80,$9.50,$10.40,$10.50,$11.40,$13.80,$15.60,$19.00,$20.80,$21.00,$22.80
9.14 m / 30 ft,030FT,$6.26,$7.37,$8.74,$9.86,$10.66,$11.77,$10.28,$12.51,$14.68,$16.91,$18.68,$20.91,$8.08,$9.20,$11.48,$12.60,$12.48,$13.60,$14.85,$16.17,$19.25,$20.57,$23.25,$24.57,$8.08,$9.20,$11.48,$12.60,$12.48,$13.60,$14.85,$16.17,$19.25,$20.57,$23.25,$24.57,$6.97,$7.88,$9.57,$10.48,$10.57,$11.48,$13.94,$15.77,$19.14,$20.97,$21.14,$22.97
10 m / 32.80 ft,010M,$6.60,$7.80,$9.00,$10.20,$11.00,$12.20,$10.80,$13.20,$15.20,$17.60,$19.20,$21.60,$8.60,$9.80,$12.00,$13.20,$13.00,$14.20,$15.80,$17.20,$20.20,$21.60,$24.20,$25.60,$8.60,$9.80,$12.00,$13.20,$13.00,$14.20,$15.80,$17.20,$20.20,$21.60,$24.20,$25.60,$7.40,$8.40,$10.00,$11.00,$11.00,$12.00,$14.80,$16.80,$20.00,$22.00,$22.00,$24.00
12 m / 39.37 ft,012M,$7.40,$8.80,$9.60,$11.00,$11.80,$13.20,$12.00,$14.80,$16.40,$19.20,$20.40,$23.20,$9.80,$11.20,$13.20,$14.60,$14.20,$15.60,$18.00,$19.60,$22.40,$24.00,$26.40,$28.00,$9.80,$11.20,$13.20,$14.60,$14.20,$15.60,$18.00,$19.60,$22.40,$24.00,$26.40,$28.00,$8.40,$9.60,$11.00,$12.20,$12.00,$13.20,$16.80,$19.20,$22.00,$24.40,$24.00,$26.40
12.19 m / 40 ft,040FT,$7.48,$8.90,$9.66,$11.08,$11.88,$13.30,$12.11,$14.95,$16.51,$19.35,$20.51,$23.35,$9.91,$11.33,$13.31,$14.73,$14.31,$15.73,$18.21,$19.83,$22.61,$24.23,$26.61,$28.23,$9.91,$11.33,$13.31,$14.73,$14.31,$15.73,$18.21,$19.83,$22.61,$24.23,$26.61,$28.23,$8.50,$9.71,$11.10,$12.31,$12.10,$13.31,$16.99,$19.43,$22.19,$24.63,$24.19,$26.63
15 m / 49.21 ft,015M,$8.60,$10.30,$10.50,$12.20,$13.00,$14.70,$13.80,$17.20,$18.20,$21.60,$22.20,$25.60,$11.60,$13.30,$15.00,$16.70,$16.00,$17.70,$21.30,$23.20,$25.70,$27.60,$29.70,$31.60,$11.60,$13.30,$15.00,$16.70,$16.00,$17.70,$21.30,$23.20,$25.70,$27.60,$29.70,$31.60,$9.90,$11.40,$12.50,$14.00,$13.50,$15.00,$19.80,$22.80,$25.00,$28.00,$27.00,$30.00
15.24 m / 50 ft,050FT,$8.70,$10.42,$10.57,$12.30,$13.10,$14.82,$13.94,$17.39,$18.34,$21.79,$22.34,$25.79,$11.74,$13.47,$15.14,$16.87,$16.14,$17.87,$21.56,$23.49,$25.96,$27.89,$29.96,$31.89,$11.74,$13.47,$15.14,$16.87,$16.14,$17.87,$21.56,$23.49,$25.96,$27.89,$29.96,$31.89,$10.02,$11.54,$12.62,$14.14,$13.62,$15.14,$20.04,$23.09,$25.24,$28.29,$27.24,$30.29
17 m /  55.77 ft,017M,$9.40,$11.30,$11.10,$13.00,$13.80,$15.70,$15.00,$18.80,$19.40,$23.20,$23.40,$27.20,$12.80,$14.70,$16.20,$18.10,$17.20,$19.10,$23.50,$25.60,$27.90,$30.00,$31.90,$34.00,$12.80,$14.70,$16.20,$18.10,$17.20,$19.10,$23.50,$25.60,$27.90,$30.00,$31.90,$34.00,$10.90,$12.60,$13.50,$15.20,$14.50,$16.20,$21.80,$25.20,$27.00,$30.40,$29.00,$32.40
18.28 m / 60 ft,060FT,$9.91,$11.94,$11.48,$13.51,$14.31,$16.34,$15.77,$19.82,$20.17,$24.22,$24.17,$28.22,$13.57,$15.60,$16.97,$19.00,$17.97,$20.00,$24.91,$27.14,$29.31,$31.54,$33.31,$35.54,$13.57,$15.60,$16.97,$19.00,$17.97,$20.00,$24.91,$27.14,$29.31,$31.54,$33.31,$35.54,$11.54,$13.37,$14.14,$15.97,$15.14,$16.97,$23.08,$26.74,$28.28,$31.94,$30.28,$33.94
20 m /  65.61 ft,020M,$10.60,$12.80,$12.00,$14.20,$15.00,$17.20,$16.80,$21.20,$21.20,$25.60,$25.20,$29.60,$14.60,$16.80,$18.00,$20.20,$19.00,$21.20,$26.80,$29.20,$31.20,$33.60,$35.20,$37.60,$14.60,$16.80,$18.00,$20.20,$19.00,$21.20,$26.80,$29.20,$31.20,$33.60,$35.20,$37.60,$12.40,$14.40,$15.00,$17.00,$16.00,$18.00,$24.80,$28.80,$30.00,$34.00,$32.00,$36.00
21.33 m / 70 ft,070FT,$11.13,$13.47,$12.40,$14.73,$15.53,$17.87,$17.60,$22.26,$22.00,$26.66,$26.00,$30.66,$15.40,$17.73,$18.80,$21.13,$19.80,$22.13,$28.26,$30.80,$32.66,$35.20,$36.66,$39.20,$15.40,$17.73,$18.80,$21.13,$19.80,$22.13,$28.26,$30.80,$32.66,$35.20,$36.66,$39.20,$13.07,$15.20,$15.67,$17.80,$16.67,$18.80,$26.13,$30.40,$31.33,$35.60,$33.33,$37.60
22 m /  72.17 ft,022M,$11.40,$13.80,$12.60,$15.00,$15.80,$18.20,$18.00,$22.80,$22.40,$27.20,$26.40,$31.20,$15.80,$18.20,$19.20,$21.60,$20.20,$22.60,$29.00,$31.60,$33.40,$36.00,$37.40,$40.00,$15.80,$18.20,$19.20,$21.60,$20.20,$22.60,$29.00,$31.60,$33.40,$36.00,$37.40,$40.00,$13.40,$15.60,$16.00,$18.20,$17.00,$19.20,$26.80,$31.20,$32.00,$36.40,$34.00,$38.40
22.86 m / 75 ft,075FT,$11.74,$14.23,$12.86,$15.34,$16.14,$18.63,$18.52,$23.49,$22.92,$27.89,$26.92,$31.89,$16.32,$18.80,$19.72,$22.20,$20.72,$23.20,$29.95,$32.63,$34.35,$37.03,$38.35,$41.03,$16.32,$18.80,$19.72,$22.20,$20.72,$23.20,$29.95,$32.63,$34.35,$37.03,$38.35,$41.03,$13.83,$16.12,$16.43,$18.72,$17.43,$19.72,$27.66,$32.23,$32.86,$37.43,$34.86,$39.43
24.38 m / 80 ft,080FT,$12.35,$14.99,$13.31,$15.95,$16.75,$19.39,$19.43,$24.70,$23.83,$29.10,$27.83,$33.10,$17.23,$19.87,$20.63,$23.27,$21.63,$24.27,$31.62,$34.46,$36.02,$38.86,$40.02,$42.86,$17.23,$19.87,$20.63,$23.27,$21.63,$24.27,$31.62,$34.46,$36.02,$38.86,$40.02,$42.86,$14.59,$17.03,$17.19,$19.63,$18.19,$20.63,$29.18,$34.06,$34.38,$39.26,$36.38,$41.26
25 m /  82.02 ft,025M,$12.60,$15.30,$13.50,$16.20,$17.00,$19.70,$19.80,$25.20,$24.20,$29.60,$28.20,$33.60,$17.60,$20.30,$21.00,$23.70,$22.00,$24.70,$32.30,$35.20,$36.70,$39.60,$40.70,$43.60,$17.60,$20.30,$21.00,$23.70,$22.00,$24.70,$32.30,$35.20,$36.70,$39.60,$40.70,$43.60,$14.90,$17.40,$17.50,$20.00,$18.50,$21.00,$29.80,$34.80,$35.00,$40.00,$37.00,$42.00
27.43 m / 90 ft,090FT,$13.57,$16.52,$14.23,$17.17,$17.97,$20.92,$21.26,$27.14,$25.66,$31.54,$29.66,$35.54,$19.06,$22.00,$22.46,$25.40,$23.46,$26.40,$34.97,$38.12,$39.37,$42.52,$43.37,$46.52,$19.06,$22.00,$22.46,$25.40,$23.46,$26.40,$34.97,$38.12,$39.37,$42.52,$43.37,$46.52,$16.12,$18.86,$18.72,$21.46,$19.72,$22.46,$32.23,$37.72,$37.43,$42.92,$39.43,$44.92
30 m /  98.42 ft,030M,$14.60,$17.80,$15.00,$18.20,$19.00,$22.20,$22.80,$29.20,$27.20,$33.60,$31.20,$37.60,$20.60,$23.80,$24.00,$27.20,$25.00,$28.20,$37.80,$41.20,$42.20,$45.60,$46.20,$49.60,$20.60,$23.80,$24.00,$27.20,$25.00,$28.20,$37.80,$41.20,$42.20,$45.60,$46.20,$49.60,$17.40,$20.40,$20.00,$23.00,$21.00,$24.00,$34.80,$40.80,$40.00,$46.00,$42.00,$48.00
30.48 m /  100 ft,100FT,$14.79,$18.04,$15.14,$18.39,$19.19,$22.44,$23.09,$29.58,$27.49,$33.98,$31.49,$37.98,$20.89,$24.14,$24.29,$27.54,$25.29,$28.54,$38.33,$41.78,$42.73,$46.18,$46.73,$50.18,$20.89,$24.14,$24.29,$27.54,$25.29,$28.54,$38.33,$41.78,$42.73,$46.18,$46.73,$50.18,$17.64,$20.69,$20.24,$23.29,$21.24,$24.29,$35.28,$41.38,$40.48,$46.58,$42.48,$48.58
33.52 m / 110 ft,110FT,$16.01,$19.56,$16.06,$19.61,$20.41,$23.96,$24.91,$32.02,$29.31,$36.42,$33.31,$40.42,$22.71,$26.26,$26.11,$29.66,$27.11,$30.66,$41.67,$45.42,$46.07,$49.82,$50.07,$53.82,$22.71,$26.26,$26.11,$29.66,$27.11,$30.66,$41.67,$45.42,$46.07,$49.82,$50.07,$53.82,$19.16,$22.51,$21.76,$25.11,$22.76,$26.11,$38.32,$45.02,$43.52,$50.22,$45.52,$52.22
35 m / 114.82 ft,035M,$16.60,$20.30,$16.50,$20.20,$21.00,$24.70,$25.80,$33.20,$30.20,$37.60,$34.20,$41.60,$23.60,$27.30,$27.00,$30.70,$28.00,$31.70,$43.30,$47.20,$47.70,$51.60,$51.70,$55.60,$23.60,$27.30,$27.00,$30.70,$28.00,$31.70,$43.30,$47.20,$47.70,$51.60,$51.70,$55.60,$19.90,$23.40,$22.50,$26.00,$23.50,$27.00,$39.80,$46.80,$45.00,$52.00,$47.00,$54.00
36.57 m / 120 ft,120FT,$17.23,$21.09,$16.97,$20.83,$21.63,$25.49,$26.74,$34.46,$31.14,$38.86,$35.14,$42.86,$24.54,$28.40,$27.94,$31.80,$28.94,$32.80,$45.03,$49.08,$49.43,$53.48,$53.43,$57.48,$24.54,$28.40,$27.94,$31.80,$28.94,$32.80,$45.03,$49.08,$49.43,$53.48,$53.43,$57.48,$20.69,$24.34,$23.29,$26.94,$24.29,$27.94,$41.37,$48.68,$46.57,$53.88,$48.57,$55.88
38.1 m / 125 ft,125FT,$17.84,$21.85,$17.43,$21.44,$22.24,$26.25,$27.66,$35.68,$32.06,$40.08,$36.06,$44.08,$25.46,$29.47,$28.86,$32.87,$29.86,$33.87,$46.71,$50.92,$51.11,$55.32,$55.11,$59.32,$25.46,$29.47,$28.86,$32.87,$29.86,$33.87,$46.71,$50.92,$51.11,$55.32,$55.11,$59.32,$21.45,$25.26,$24.05,$27.86,$25.05,$28.86,$42.90,$50.52,$48.10,$55.72,$50.10,$57.72
39.62 m / 130 ft,130FT,$18.45,$22.61,$17.89,$22.05,$22.85,$27.01,$28.57,$36.90,$32.97,$41.30,$36.97,$45.30,$26.37,$30.53,$29.77,$33.93,$30.77,$34.93,$48.38,$52.74,$52.78,$57.14,$56.78,$61.14,$26.37,$30.53,$29.77,$33.93,$30.77,$34.93,$48.38,$52.74,$52.78,$57.14,$56.78,$61.14,$22.21,$26.17,$24.81,$28.77,$25.81,$29.77,$44.42,$52.34,$49.62,$57.54,$51.62,$59.54
40 m / 131.23 ft,040M,$18.60,$22.80,$18.00,$22.20,$23.00,$27.20,$28.80,$37.20,$33.20,$41.60,$37.20,$45.60,$26.60,$30.80,$30.00,$34.20,$31.00,$35.20,$48.80,$53.20,$53.20,$57.60,$57.20,$61.60,$26.60,$30.80,$30.00,$34.20,$31.00,$35.20,$48.80,$53.20,$53.20,$57.60,$57.20,$61.60,$22.40,$26.40,$25.00,$29.00,$26.00,$30.00,$44.80,$52.80,$50.00,$58.00,$52.00,$60.00
42.67 m / 140 ft,140FT,$19.67,$24.14,$18.80,$23.27,$24.07,$28.54,$30.40,$39.34,$34.80,$43.74,$38.80,$47.74,$28.20,$32.67,$31.60,$36.07,$32.60,$37.07,$51.74,$56.40,$56.14,$60.80,$60.14,$64.80,$28.20,$32.67,$31.60,$36.07,$32.60,$37.07,$51.74,$56.40,$56.14,$60.80,$60.14,$64.80,$23.74,$28.00,$26.34,$30.60,$27.34,$31.60,$47.47,$56.00,$52.67,$61.20,$54.67,$63.20
45.72 m / 150 ft,150FT,$20.89,$25.66,$19.72,$24.49,$25.29,$30.06,$32.23,$41.78,$36.63,$46.18,$40.63,$50.18,$30.03,$34.80,$33.43,$38.20,$34.43,$39.20,$55.09,$60.06,$59.49,$64.46,$63.49,$68.46,$30.03,$34.80,$33.43,$38.20,$34.43,$39.20,$55.09,$60.06,$59.49,$64.46,$63.49,$68.46,$25.26,$29.83,$27.86,$32.43,$28.86,$33.43,$50.52,$59.66,$55.72,$64.86,$57.72,$66.86
48.76 m / 160 ft,160FT,$22.10,$27.18,$20.63,$25.70,$26.50,$31.58,$34.06,$44.21,$38.46,$48.61,$42.46,$52.61,$31.86,$36.93,$35.26,$40.33,$36.26,$41.33,$58.44,$63.71,$62.84,$68.11,$66.84,$72.11,$31.86,$36.93,$35.26,$40.33,$36.26,$41.33,$58.44,$63.71,$62.84,$68.11,$66.84,$72.11,$26.78,$31.66,$29.38,$34.26,$30.38,$35.26,$53.56,$63.31,$58.76,$68.51,$60.76,$70.51
50 m / 164.04 ft,050M,$22.60,$27.80,$21.00,$26.20,$27.00,$32.20,$34.80,$45.20,$39.20,$49.60,$43.20,$53.60,$32.60,$37.80,$36.00,$41.20,$37.00,$42.20,$59.80,$65.20,$64.20,$69.60,$68.20,$73.60,$32.60,$37.80,$36.00,$41.20,$37.00,$42.20,$59.80,$65.20,$64.20,$69.60,$68.20,$73.60,$27.40,$32.40,$30.00,$35.00,$31.00,$36.00,$54.80,$64.80,$60.00,$70.00,$62.00,$72.00
53.34 m / 175 ft,175FT,$23.94,$29.47,$22.00,$27.54,$28.34,$33.87,$36.80,$47.87,$41.20,$52.27,$45.20,$56.27,$34.60,$40.14,$38.00,$43.54,$39.00,$44.54,$63.47,$69.21,$67.87,$73.61,$71.87,$77.61,$34.60,$40.14,$38.00,$43.54,$39.00,$44.54,$63.47,$69.21,$67.87,$73.61,$71.87,$77.61,$29.07,$34.40,$31.67,$37.00,$32.67,$38.00,$58.14,$68.81,$63.34,$74.01,$65.34,$76.01
54.86 m / 180 ft,180FT,$24.54,$30.23,$22.46,$28.14,$28.94,$34.63,$37.72,$49.09,$42.12,$53.49,$46.12,$57.49,$35.52,$41.20,$38.92,$44.60,$39.92,$45.60,$65.15,$71.03,$69.55,$75.43,$73.55,$79.43,$35.52,$41.20,$38.92,$44.60,$39.92,$45.60,$65.15,$71.03,$69.55,$75.43,$73.55,$79.43,$29.83,$35.32,$32.43,$37.92,$33.43,$38.92,$59.66,$70.63,$64.86,$75.83,$66.86,$77.83
55 m / 180.44 ft,055M,$24.60,$30.30,$22.50,$28.20,$29.00,$34.70,$37.80,$49.20,$42.20,$53.60,$46.20,$57.60,$35.60,$41.30,$39.00,$44.70,$40.00,$45.70,$65.30,$71.20,$69.70,$75.60,$73.70,$79.60,$35.60,$41.30,$39.00,$44.70,$40.00,$45.70,$65.30,$71.20,$69.70,$75.60,$73.70,$79.60,$29.90,$35.40,$32.50,$38.00,$33.50,$39.00,$59.80,$70.80,$65.00,$76.00,$67.00,$78.00
60.96 m / 200 ft,200FT,$26.98,$33.28,$24.29,$30.58,$31.38,$37.68,$41.38,$53.97,$45.78,$58.37,$49.78,$62.37,$39.18,$45.47,$42.58,$48.87,$43.58,$49.87,$71.86,$78.35,$76.26,$82.75,$80.26,$86.75,$39.18,$45.47,$42.58,$48.87,$43.58,$49.87,$71.86,$78.35,$76.26,$82.75,$80.26,$86.75,$32.88,$38.98,$35.48,$41.58,$36.48,$42.58,$65.76,$77.95,$70.96,$83.15,$72.96,$85.15
65 m / 213.25 ft,065M,$28.60,$35.30,$25.50,$32.20,$33.00,$39.70,$43.80,$57.20,$48.20,$61.60,$52.20,$65.60,$41.60,$48.30,$45.00,$51.70,$46.00,$52.70,$76.30,$83.20,$80.70,$87.60,$84.70,$91.60,$41.60,$48.30,$45.00,$51.70,$46.00,$52.70,$76.30,$83.20,$80.70,$87.60,$84.70,$91.60,$34.90,$41.40,$37.50,$44.00,$38.50,$45.00,$69.80,$82.80,$75.00,$88.00,$77.00,$90.00
67.05 m / 220 ft,220FT,$29.42,$36.33,$26.12,$33.02,$33.82,$40.73,$45.03,$58.84,$49.43,$63.24,$53.43,$67.24,$42.83,$49.74,$46.23,$53.14,$47.23,$54.14,$78.56,$85.66,$82.96,$90.06,$86.96,$94.06,$42.83,$49.74,$46.23,$53.14,$47.23,$54.14,$78.56,$85.66,$82.96,$90.06,$86.96,$94.06,$35.93,$42.63,$38.53,$45.23,$39.53,$46.23,$71.85,$85.26,$77.05,$90.46,$79.05,$92.46
68.58 m / 225 ft,225FT,$30.03,$37.09,$26.57,$33.63,$34.43,$41.49,$45.95,$60.06,$50.35,$64.46,$54.35,$68.46,$43.75,$50.81,$47.15,$54.21,$48.15,$55.21,$80.24,$87.50,$84.64,$91.90,$88.64,$95.90,$43.75,$50.81,$47.15,$54.21,$48.15,$55.21,$80.24,$87.50,$84.64,$91.90,$88.64,$95.90,$36.69,$43.55,$39.29,$46.15,$40.29,$47.15,$73.38,$87.10,$78.58,$92.30,$80.58,$94.30
70 m / 229.65 ft,070M,$30.60,$37.80,$27.00,$34.20,$35.00,$42.20,$46.80,$61.20,$51.20,$65.60,$55.20,$69.60,$44.60,$51.80,$48.00,$55.20,$49.00,$56.20,$81.80,$89.20,$86.20,$93.60,$90.20,$97.60,$44.60,$51.80,$48.00,$55.20,$49.00,$56.20,$81.80,$89.20,$86.20,$93.60,$90.20,$97.60,$37.40,$44.40,$40.00,$47.00,$41.00,$48.00,$74.80,$88.80,$80.00,$94.00,$82.00,$96.00
73.15 m / 240 ft,240FT,$31.86,$39.38,$27.95,$35.46,$36.26,$43.78,$48.69,$63.72,$53.09,$68.12,$57.09,$72.12,$46.49,$54.01,$49.89,$57.41,$50.89,$58.41,$85.27,$92.98,$89.67,$97.38,$93.67,$101.38,$46.49,$54.01,$49.89,$57.41,$50.89,$58.41,$85.27,$92.98,$89.67,$97.38,$93.67,$101.38,$38.98,$46.29,$41.58,$48.89,$42.58,$49.89,$77.95,$92.58,$83.15,$97.78,$85.15,$99.78
76.20 m /  250 ft,250FT,$33.08,$40.90,$28.86,$36.68,$37.48,$45.30,$50.52,$66.16,$54.92,$70.56,$58.92,$74.56,$48.32,$56.14,$51.72,$59.54,$52.72,$60.54,$88.62,$96.64,$93.02,$101.04,$97.02,$105.04,$48.32,$56.14,$51.72,$59.54,$52.72,$60.54,$88.62,$96.64,$93.02,$101.04,$97.02,$105.04,$40.50,$48.12,$43.10,$50.72,$44.10,$51.72,$81.00,$96.24,$86.20,$101.44,$88.20,$103.44
79.24 m / 260 ft,260FT,$34.30,$42.42,$29.77,$37.90,$38.70,$46.82,$52.34,$68.59,$56.74,$72.99,$60.74,$76.99,$50.14,$58.27,$53.54,$61.67,$54.54,$62.67,$91.96,$100.29,$96.36,$104.69,$100.36,$108.69,$50.14,$58.27,$53.54,$61.67,$54.54,$62.67,$91.96,$100.29,$96.36,$104.69,$100.36,$108.69,$42.02,$49.94,$44.62,$52.54,$45.62,$53.54,$84.04,$99.89,$89.24,$105.09,$91.24,$107.09
80 m / 262.46 ft,080M,$34.60,$42.80,$30.00,$38.20,$39.00,$47.20,$52.80,$69.20,$57.20,$73.60,$61.20,$77.60,$50.60,$58.80,$54.00,$62.20,$55.00,$63.20,$92.80,$101.20,$97.20,$105.60,$101.20,$109.60,$50.60,$58.80,$54.00,$62.20,$55.00,$63.20,$92.80,$101.20,$97.20,$105.60,$101.20,$109.60,$42.40,$50.40,$45.00,$53.00,$46.00,$54.00,$84.80,$100.80,$90.00,$106.00,$92.00,$108.00
83.82 m / 275 ft,275FT,$36.13,$44.71,$31.15,$39.73,$40.53,$49.11,$55.09,$72.26,$59.49,$76.66,$63.49,$80.66,$52.89,$61.47,$56.29,$64.87,$57.29,$65.87,$97.00,$105.78,$101.40,$110.18,$105.40,$114.18,$52.89,$61.47,$56.29,$64.87,$57.29,$65.87,$97.00,$105.78,$101.40,$110.18,$105.40,$114.18,$44.31,$52.69,$46.91,$55.29,$47.91,$56.29,$88.62,$105.38,$93.82,$110.58,$95.82,$112.58
85.34 m / 280 ft,280FT,$36.74,$45.47,$31.60,$40.34,$41.14,$49.87,$56.00,$73.47,$60.40,$77.87,$64.40,$81.87,$53.80,$62.54,$57.20,$65.94,$58.20,$66.94,$98.67,$107.61,$103.07,$112.01,$107.07,$116.01,$53.80,$62.54,$57.20,$65.94,$58.20,$66.94,$98.67,$107.61,$103.07,$112.01,$107.07,$116.01,$45.07,$53.60,$47.67,$56.20,$48.67,$57.20,$90.14,$107.21,$95.34,$112.41,$97.34,$114.41
90 m / 295.27 ft,090M,$38.60,$47.80,$33.00,$42.20,$43.00,$52.20,$58.80,$77.20,$63.20,$81.60,$67.20,$85.60,$56.60,$65.80,$60.00,$69.20,$61.00,$70.20,$103.80,$113.20,$108.20,$117.60,$112.20,$121.60,$56.60,$65.80,$60.00,$69.20,$61.00,$70.20,$103.80,$113.20,$108.20,$117.60,$112.20,$121.60,$47.40,$56.40,$50.00,$59.00,$51.00,$60.00,$94.80,$112.80,$100.00,$118.00,$102.00,$120.00
91.44 m /  300 ft,300FT,$39.18,$48.52,$33.43,$42.78,$43.58,$52.92,$59.66,$78.35,$64.06,$82.75,$68.06,$86.75,$57.46,$66.81,$60.86,$70.21,$61.86,$71.21,$105.38,$114.93,$109.78,$119.33,$113.78,$123.33,$57.46,$66.81,$60.86,$70.21,$61.86,$71.21,$105.38,$114.93,$109.78,$119.33,$113.78,$123.33,$48.12,$57.26,$50.72,$59.86,$51.72,$60.86,$96.24,$114.53,$101.44,$119.73,$103.44,$121.73
95 m /  311.67 ft,095M,$40.60,$50.30,$34.50,$44.20,$45.00,$54.70,$61.80,$81.20,$66.20,$85.60,$70.20,$89.60,$59.60,$69.30,$63.00,$72.70,$64.00,$73.70,$109.30,$119.20,$113.70,$123.60,$117.70,$127.60,$59.60,$69.30,$63.00,$72.70,$64.00,$73.70,$109.30,$119.20,$113.70,$123.60,$117.70,$127.60,$49.90,$59.40,$52.50,$62.00,$53.50,$63.00,$99.80,$118.80,$105.00,$124.00,$107.00,$126.00
99.06 m / 325 ft,325FT,$42.22,$52.33,$35.72,$45.82,$46.62,$56.73,$64.24,$84.45,$68.64,$88.85,$72.64,$92.85,$62.04,$72.14,$65.44,$75.54,$66.44,$76.54,$113.77,$124.07,$118.17,$128.47,$122.17,$132.47,$62.04,$72.14,$65.44,$75.54,$66.44,$76.54,$113.77,$124.07,$118.17,$128.47,$122.17,$132.47,$51.93,$61.84,$54.53,$64.44,$55.53,$65.44,$103.86,$123.67,$109.06,$128.87,$111.06,$130.87
100 m / 328.08 ft,100M,$42.60,$52.80,$36.00,$46.20,$47.00,$57.20,$64.80,$85.20,$69.20,$89.60,$73.20,$93.60,$62.60,$72.80,$66.00,$76.20,$67.00,$77.20,$114.80,$125.20,$119.20,$129.60,$123.20,$133.60,$62.60,$72.80,$66.00,$76.20,$67.00,$77.20,$114.80,$125.20,$119.20,$129.60,$123.20,$133.60,$52.40,$62.40,$55.00,$65.00,$56.00,$66.00,$104.80,$124.80,$110.00,$130.00,$112.00,$132.00
106.68 m / 350 ft,350FT,$45.27,$56.14,$38.00,$48.87,$49.67,$60.54,$68.81,$90.54,$73.21,$94.94,$77.21,$98.94,$66.61,$77.48,$70.01,$80.88,$71.01,$81.88,$122.15,$133.22,$126.55,$137.62,$130.55,$141.62,$66.61,$77.48,$70.01,$80.88,$71.01,$81.88,$122.15,$133.22,$126.55,$137.62,$130.55,$141.62,$55.74,$66.41,$58.34,$69.01,$59.34,$70.01,$111.48,$132.82,$116.68,$138.02,$118.68,$140.02
114.3 m / 375 ft,375FT,$48.32,$59.95,$40.29,$51.92,$52.72,$64.35,$73.38,$96.64,$77.78,$101.04,$81.78,$105.04,$71.18,$82.81,$74.58,$86.21,$75.58,$87.21,$130.53,$142.36,$134.93,$146.76,$138.93,$150.76,$71.18,$82.81,$74.58,$86.21,$75.58,$87.21,$130.53,$142.36,$134.93,$146.76,$138.93,$150.76,$59.55,$70.98,$62.15,$73.58,$63.15,$74.58,$119.10,$141.96,$124.30,$147.16,$126.30,$149.16
121.92 m / 400 ft,400FT,$51.37,$63.76,$42.58,$54.97,$55.77,$68.16,$77.95,$102.74,$82.35,$107.14,$86.35,$111.14,$75.75,$88.14,$79.15,$91.54,$80.15,$92.54,$138.91,$151.50,$143.31,$155.90,$147.31,$159.90,$75.75,$88.14,$79.15,$91.54,$80.15,$92.54,$138.91,$151.50,$143.31,$155.90,$147.31,$159.90,$63.36,$75.55,$65.96,$78.15,$66.96,$79.15,$126.72,$151.10,$131.92,$156.30,$133.92,$158.30
125 m /  410.10 ft,125M,$52.60,$65.30,$43.50,$56.20,$57.00,$69.70,$79.80,$105.20,$84.20,$109.60,$88.20,$113.60,$77.60,$90.30,$81.00,$93.70,$82.00,$94.70,$142.30,$155.20,$146.70,$159.60,$150.70,$163.60,$77.60,$90.30,$81.00,$93.70,$82.00,$94.70,$142.30,$155.20,$146.70,$159.60,$150.70,$163.60,$64.90,$77.40,$67.50,$80.00,$68.50,$81.00,$129.80,$154.80,$135.00,$160.00,$137.00,$162.00
129.54 m / 425 ft,425FT,$54.42,$67.57,$44.86,$58.02,$58.82,$71.97,$82.52,$108.83,$86.92,$113.23,$90.92,$117.23,$80.32,$93.48,$83.72,$96.88,$84.72,$97.88,$147.29,$160.65,$151.69,$165.05,$155.69,$169.05,$80.32,$93.48,$83.72,$96.88,$84.72,$97.88,$147.29,$160.65,$151.69,$165.05,$155.69,$169.05,$67.17,$80.12,$69.77,$82.72,$70.77,$83.72,$134.34,$160.25,$139.54,$165.45,$141.54,$167.45
137.16 m / 450 ft,450FT,$57.46,$71.38,$47.15,$61.06,$61.86,$75.78,$87.10,$114.93,$91.50,$119.33,$95.50,$123.33,$84.90,$98.81,$88.30,$102.21,$89.30,$103.21,$155.68,$169.79,$160.08,$174.19,$164.08,$178.19,$84.90,$98.81,$88.30,$102.21,$89.30,$103.21,$155.68,$169.79,$160.08,$174.19,$164.08,$178.19,$70.98,$84.70,$73.58,$87.30,$74.58,$88.30,$141.96,$169.39,$147.16,$174.59,$149.16,$176.59
144.78 m / 475 ft,475FT,$60.51,$75.19,$49.43,$64.11,$64.91,$79.59,$91.67,$121.02,$96.07,$125.42,$100.07,$129.42,$89.47,$104.15,$92.87,$107.55,$93.87,$108.55,$164.06,$178.94,$168.46,$183.34,$172.46,$187.34,$89.47,$104.15,$92.87,$107.55,$93.87,$108.55,$164.06,$178.94,$168.46,$183.34,$172.46,$187.34,$74.79,$89.27,$77.39,$91.87,$78.39,$92.87,$149.58,$178.54,$154.78,$183.74,$156.78,$185.74
150 m / 492.12 ft,150M,$62.60,$77.80,$51.00,$66.20,$67.00,$82.20,$94.80,$125.20,$99.20,$129.60,$103.20,$133.60,$92.60,$107.80,$96.00,$111.20,$97.00,$112.20,$169.80,$185.20,$174.20,$189.60,$178.20,$193.60,$92.60,$107.80,$96.00,$111.20,$97.00,$112.20,$169.80,$185.20,$174.20,$189.60,$178.20,$193.60,$77.40,$92.40,$80.00,$95.00,$81.00,$96.00,$154.80,$184.80,$160.00,$190.00,$162.00,$192.00
152.40 m / 500 ft,500FT,$63.56,$79.00,$51.72,$67.16,$67.96,$83.40,$96.24,$127.12,$100.64,$131.52,$104.64,$135.52,$94.04,$109.48,$97.44,$112.88,$98.44,$113.88,$172.44,$188.08,$176.84,$192.48,$180.84,$196.48,$94.04,$109.48,$97.44,$112.88,$98.44,$113.88,$172.44,$188.08,$176.84,$192.48,$180.84,$196.48,$78.60,$93.84,$81.20,$96.44,$82.20,$97.44,$157.20,$187.68,$162.40,$192.88,$164.40,$194.88
160.02 m / 525 ft,525FT,$66.61,$82.81,$54.01,$70.21,$71.01,$87.21,$100.81,$133.22,$105.21,$137.62,$109.21,$141.62,$98.61,$114.81,$102.01,$118.21,$103.01,$119.21,$180.82,$197.22,$185.22,$201.62,$189.22,$205.62,$98.61,$114.81,$102.01,$118.21,$103.01,$119.21,$180.82,$197.22,$185.22,$201.62,$189.22,$205.62,$82.41,$98.41,$85.01,$101.01,$86.01,$102.01,$164.82,$196.82,$170.02,$202.02,$172.02,$204.02
167.64 m / 550 ft,550FT,$69.66,$86.62,$56.29,$73.26,$74.06,$91.02,$105.38,$139.31,$109.78,$143.71,$113.78,$147.71,$103.18,$120.15,$106.58,$123.55,$107.58,$124.55,$189.20,$206.37,$193.60,$210.77,$197.60,$214.77,$103.18,$120.15,$106.58,$123.55,$107.58,$124.55,$189.20,$206.37,$193.60,$210.77,$197.60,$214.77,$86.22,$102.98,$88.82,$105.58,$89.82,$106.58,$172.44,$205.97,$177.64,$211.17,$179.64,$213.17
175 m / 574.14 ft,175M,$72.60,$90.30,$58.50,$76.20,$77.00,$94.70,$109.80,$145.20,$114.20,$149.60,$118.20,$153.60,$107.60,$125.30,$111.00,$128.70,$112.00,$129.70,$197.30,$215.20,$201.70,$219.60,$205.70,$223.60,$107.60,$125.30,$111.00,$128.70,$112.00,$129.70,$197.30,$215.20,$201.70,$219.60,$205.70,$223.60,$89.90,$107.40,$92.50,$110.00,$93.50,$111.00,$179.80,$214.80,$185.00,$220.00,$187.00,$222.00
182.88 m / 600 ft,600FT,$75.75,$94.24,$60.86,$79.35,$80.15,$98.64,$114.53,$151.50,$118.93,$155.90,$122.93,$159.90,$112.33,$130.82,$115.73,$134.22,$116.73,$135.22,$205.97,$224.66,$210.37,$229.06,$214.37,$233.06,$112.33,$130.82,$115.73,$134.22,$116.73,$135.22,$205.97,$224.66,$210.37,$229.06,$214.37,$233.06,$93.84,$112.13,$96.44,$114.73,$97.44,$115.73,$187.68,$224.26,$192.88,$229.46,$194.88,$231.46
200 m / 656.16 ft,200M,$82.60,$102.80,$66.00,$86.20,$87.00,$107.20,$124.80,$165.20,$129.20,$169.60,$133.20,$173.60,$122.60,$142.80,$126.00,$146.20,$127.00,$147.20,$224.80,$245.20,$229.20,$249.60,$233.20,$253.60,$122.60,$142.80,$126.00,$146.20,$127.00,$147.20,$224.80,$245.20,$229.20,$249.60,$233.20,$253.60,$102.40,$122.40,$105.00,$125.00,$106.00,$126.00,$204.80,$244.80,$210.00,$250.00,$212.00,$252.00
250 m / 820.20 ft,250M,$102.60,$127.80,$81.00,$106.20,$107.00,$132.20,$154.80,$205.20,$159.20,$209.60,$163.20,$213.60,$152.60,$177.80,$156.00,$181.20,$157.00,$182.20,$279.80,$305.20,$284.20,$309.60,$288.20,$313.60,$152.60,$177.80,$156.00,$181.20,$157.00,$182.20,$279.80,$305.20,$284.20,$309.60,$288.20,$313.60,$127.40,$152.40,$130.00,$155.00,$131.00,$156.00,$254.80,$304.80,$260.00,$310.00,$262.00,$312.00
300 m / 984.25 ft,300M,$122.60,$152.80,$96.00,$126.20,$127.00,$157.20,$184.80,$245.20,$189.20,$249.60,$193.20,$253.60,$182.60,$212.80,$186.00,$216.20,$187.00,$217.20,$334.80,$365.20,$339.20,$369.60,$343.20,$373.60,$182.60,$212.80,$186.00,$216.20,$187.00,$217.20,$334.80,$365.20,$339.20,$369.60,$343.20,$373.60,$152.40,$182.40,$155.00,$185.00,$156.00,$186.00,$304.80,$364.80,$310.00,$370.00,$312.00,$372.00
304.8 m / 1000 ft,1000FT,$124.52,$155.20,$97.44,$128.12,$128.92,$159.60,$187.68,$249.04,$192.08,$253.44,$196.08,$257.44,$185.48,$216.16,$188.88,$219.56,$189.88,$220.56,$340.08,$370.96,$344.48,$375.36,$348.48,$379.36,$185.48,$216.16,$188.88,$219.56,$189.88,$220.56,$340.08,$370.96,$344.48,$375.36,$348.48,$379.36,$154.80,$185.28,$157.40,$187.88,$158.40,$188.88,$309.60,$370.56,$314.80,$375.76,$316.80,$377.76
350 m / 1148.29 ft,350M,$142.60,$177.80,$111.00,$146.20,$147.00,$182.20,$214.80,$285.20,$219.20,$289.60,$223.20,$293.60,$212.60,$247.80,$216.00,$251.20,$217.00,$252.20,$389.80,$425.20,$394.20,$429.60,$398.20,$433.60,$212.60,$247.80,$216.00,$251.20,$217.00,$252.20,$389.80,$425.20,$394.20,$429.60,$398.20,$433.60,$177.40,$212.40,$180.00,$215.00,$181.00,$216.00,$354.80,$424.80,$360.00,$430.00,$362.00,$432.00
400 m / 1312.33 ft,400M,$162.60,$202.80,$126.00,$166.20,$167.00,$207.20,$244.80,$325.20,$249.20,$329.60,$253.20,$333.60,$242.60,$282.80,$246.00,$286.20,$247.00,$287.20,$444.80,$485.20,$449.20,$489.60,$453.20,$493.60,$242.60,$282.80,$246.00,$286.20,$247.00,$287.20,$444.80,$485.20,$449.20,$489.60,$453.20,$493.60,$202.40,$242.40,$205.00,$245.00,$206.00,$246.00,$404.80,$484.80,$410.00,$490.00,$412.00,$492.00
500 m / 1640.41 ft,500M,$202.60,$252.80,$156.00,$206.20,$207.00,$257.20,$304.80,$405.20,$309.20,$409.60,$313.20,$413.60,$302.60,$352.80,$306.00,$356.20,$307.00,$357.20,$554.80,$605.20,$559.20,$609.60,$563.20,$613.60,$302.60,$352.80,$306.00,$356.20,$307.00,$357.20,$554.80,$605.20,$559.20,$609.60,$563.20,$613.60,$252.40,$302.40,$255.00,$305.00,$256.00,$306.00,$504.80,$604.80,$510.00,$610.00,$512.00,$612.00
550 m / 1804.46 ft,550M,$222.60,$277.80,$171.00,$226.20,$227.00,$282.20,$334.80,$445.20,$339.20,$449.60,$343.20,$453.60,$332.60,$387.80,$336.00,$391.20,$337.00,$392.20,$609.80,$665.20,$614.20,$669.60,$618.20,$673.60,$332.60,$387.80,$336.00,$391.20,$337.00,$392.20,$609.80,$665.20,$614.20,$669.60,$618.20,$673.60,$277.40,$332.40,$280.00,$335.00,$281.00,$336.00,$554.80,$664.80,$560.00,$670.00,$562.00,$672.00
1000 m / 3280.83 ft,1000M,$402.60,$502.80,$306.00,$406.20,$407.00,$507.20,$604.80,$805.20,$609.20,$809.60,$613.20,$813.60,,,,,,,,,,,,,,,,,,,,,,,,,,,,,,,,,,,,
2000 m / 6561.66 ft,2000M,$802.60,"$1,002.80",$606.00,$806.20,$807.00,"$1,007.20","$1,204.80","$1,605.20","$1,209.20","$1,609.60","$1,213.20","$1,613.60",,,,,,,,,,,,,,,,,,,,,,,,,,,,,,,,,,,,
