Length Spec,SKU,"MTP/08SM/FFB/NR,ZH",MTP/08SM/FFB/NP,"MTP/12SM/FFB,FFA/NR,ZH","MTP/12SM/FFB,FFA/NP","MTP/12SM/MFB,MFA/NR,ZH","MTP/12SM/MFB,MFA/NP","MTP/12SM/MMB,MMA/NR,ZH","MTP/12SM/MMB,MMA/NP","MTP/08M4/FFB/NR,ZH",MTP/08M4/FFB/NP,"MTP/08M4/FFBA/NR,ZH",MTP/08M4/FFBA/NP,"MTP/12M4/FFB,FFA,FFC/NR,ZH","MTP/12M4/FFB,FFA,FFC/NP","MTP/12M4/MFB,MFA,FFC/NR,ZH","MTP/12M4/MFB,MFA,FFC/NP","MTP/12M4/MMB,MMA,FFC/NR,ZH","MTP/12M4/MMB,MMA,FFC/NP","MTP/08M3/FFB/NR,ZH",MTP/08M3/FFB/NP,"MTP/12M3/FFB,FFA,FFC/NR,ZH","MTP/12M3/FFB,FFA,FFC/NP","MTP/12M3/MFB,MFA,FFC/NR,ZH","MTP/12M3/MFB,MFA,FFC/NP","MTP/12M3/MMB,MMA,MMC/NR,ZH","MTP/12M3/MMB,MMA,MMC/NP","MPO/08SM/FFB/NR,ZH",MPO/08SM/FFB/NP,"MPO/12SM/FFB,FFA,FFC/NR,ZH","MPO/12SM/FFB,FFA,FFC/NP","MPO/12SM/MFB,MFA,MFC/NR,ZH","MPO/12SM/MFB,MFA,MFC/NP","MPO/12SM/MMB,MMA,MMC/NR,ZH","MPO/12SM/MMB,MMA,MMC/NP","MPO/08M4/FFB/NR,ZH",MPO/08M4/FFB/NP,"MPO/08M4/FFBA/NR,ZH",MPO/08M4/FFBA/NP,"MPO/12M4/FFB,FFA,FFC/NR,ZH","MPO/12M4/FFB,FFA,FFC/NP","MPO/12M4/MFB,MFA,FFC/NR,ZH","MPO/12M4/MFB,MFA,FFC/NP","MPO/12M4/MMB,MMA,FFC/NR,ZH","MPO/12M4/MMB,MMA,FFC/NP","MPO/08M3/FFB/NR,ZH",MPO/08M3/FFB/NP,"MPO/12M3/FFB,FFA,FFC/NR,ZH","MPO/12M3/FFB,FFA,FFC/NP","MPO/12M3/MFB,MFA,FFC/NR,ZH","MPO/12M3/MFB,MFA,FFC/NP","MPO/12M3/MMB,MMA,MMC/NR,ZH","MPO/12M3/MMB,MMA,MMC/NP","MTPBO/08SM/FLC,FSC,FFC,FST/NR,ZH","MTPBO/08SM/FLC,FSC,FFC,FST/NP","MTPBO/08SM/MLC,MSC,MFC,MST/NR,ZH","MTPBO/08SM/MLC,MSC,MFC,MST/NP","MTPBO/12SM/FLC,FSC,FFC,FST/NR,ZH","MTPBO/12SM/FLC,FSC,FFC,FST/NP","MTPBO/12SM/MLC,MSC,MFC,MST/NR,ZH","MTPBO/12SM/MLC,MSC,MFC,MST/NP","MTPBO/08M3/FLC,FSC,FFC,FST/NR,ZH","MTPBO/08M3/FLC,FSC,FFC,FST/NP","MTPBO/08M3/MLC,MSC,MFC,MST/NR,ZH","MTPBO/08M3/MLC,MSC,MFC,MST/NP","MTPBO/12M3/FLC,FSC,FFC,FST/NR,ZH","MTPBO/12M3/FLC,FSC,FFC,FST/NP","MTPBO/12M3/MLC,MSC,MFC,MST/NR,ZH","MTPBO/12M3/MLC,MSC,MFC,MST/NP","MTPBO/08M4/FLC,FSC,FFC,FST/NR,ZH","MTPBO/08M4/FLC,FSC,FFC,FST/NP","MTPBO/08M4/MLC,MSC,MFC,MST/NR,ZH","MTPBO/08M4/MLC,MSC,MFC,MST/NP","MTPBO/12M4/FLC,FSC,FFC,FST/NR,ZH","MTPBO/12M4/FLC,FSC,FFC,FST/NP","MTPBO/12M4/MLC,MSC,MFC,MST/NR,ZH","MTPBO/12M4/MLC,MSC,MFC,MST/NP","MPOBO/08SM/FLC,FSC,FFC,FST/NR,ZH","MPOBO/08SM/FLC,FSC,FFC,FST/NP","MPOBO/08SM/MLC,MSC,MFC,MST/NR,ZH","MPOBO/08SM/MLC,MSC,MFC,MST/NP","MPOBO/12SM/FLC,FSC,FFC,FST/NR,ZH","MPOBO/12SM/FLC,FSC,FFC,FST/NP","MPOBO/12SM/MLC,MSC,MFC,MST/NR,ZH","MPOBO/12SM/MLC,MSC,MFC,MST/NP","MPOBO/08M3/FLC,FSC,FFC,FST/NR,ZH","MPOBO/08M3/FLC,FSC,FFC,FST/NP","MPOBO/08M3/MLC,MSC,MFC,MST/NR,ZH","MPOBO/08M3/MLC,MSC,MFC,MST/NP","MPOBO/12M3/FLC,FSC,FFC,FST/NR,ZH","MPOBO/12M3/FLC,FSC,FFC,FST/NP","MPOBO/12M3/MLC,MSC,MFC,MST/NR,ZH","MPOBO/12M3/MLC,MSC,MFC,MST/NP","MPOBO/08M4/FLC,FSC,FFC,FST/NR,ZH","MPOBO/08M4/FLC,FSC,FFC,FST/NP","MPOBO/08M4/MLC,MSC,MFC,MST/NR,ZH","MPOBO/08M4/MLC,MSC,MFC,MST/NP","MPOBO/12M4/FLC,FSC,FFC,FST/NR,ZH","MPOBO/12M4/FLC,FSC,FFC,FST/NP","MPOBO/12M4/MLC,MSC,MFC,MST/NR,ZH","MPOBO/12M4/MLC,MSC,MFC,MST/NP",,,,
0.2 m / 7 in,020CM,$64.18,$64.24,$64.24,$64.32,$68.24,$68.32,$72.24,$72.32,$48.64,$48.72,$54.64,$54.72,$48.72,$48.80,$52.72,$52.80,$56.72,$56.80,$48.52,$48.60,$48.60,$48.68,$52.60,$52.68,$56.60,$56.68,$44.18,$44.24,$44.24,$44.32,$48.24,$48.32,$52.24,$52.32,$34.64,$34.72,$44.64,$44.72,$34.72,$34.80,$38.72,$38.80,$42.72,$42.80,$34.52,$34.60,$34.60,$34.68,$38.60,$38.68,$42.60,$42.68,,,,,,,,,,,,,,,,,,,,,,,,,,,,,,,,,,,,,,,,,,,,,,,,,,,,
0.3 m / 1 ft,001FT,$64.28,$64.37,$64.37,$64.50,$68.37,$68.50,$72.37,$72.50,$48.99,$49.12,$54.99,$55.12,$49.12,$49.24,$53.12,$53.24,$57.12,$57.24,$48.81,$48.93,$48.93,$49.05,$52.93,$53.05,$56.93,$57.05,$44.28,$44.37,$44.37,$44.50,$48.37,$48.50,$52.37,$52.50,$34.99,$35.12,$44.99,$45.12,$35.12,$35.24,$39.12,$39.24,$43.12,$43.24,$34.81,$34.93,$34.93,$35.05,$38.93,$39.05,$42.93,$43.05,,,,,,,,,,,,,,,,,,,,,,,,,,,,,,,,,,,,,,,,,,,,,,,,,,,,
0.5 m / 1.64 ft,050CM,$64.45,$64.60,$64.60,$64.80,$68.60,$68.80,$72.60,$72.80,$49.60,$49.80,$55.60,$55.80,$49.80,$50.00,$53.80,$54.00,$57.80,$58.00,$49.30,$49.50,$49.50,$49.70,$53.50,$53.70,$57.50,$57.70,$44.45,$44.60,$44.60,$44.80,$48.60,$48.80,$52.60,$52.80,$35.60,$35.80,$45.60,$45.80,$35.80,$36.00,$39.80,$40.00,$43.80,$44.00,$35.30,$35.50,$35.50,$35.70,$39.50,$39.70,$43.50,$43.70, $44.45 , $44.60 , $48.45 , $48.60 ,$50.60,$50.80,$54.60,$54.80,$37.30,$37.50,$41.30,$41.50,$43.50,$43.70,$47.50,$47.70,$37.60,$37.80,$41.60,$41.80,$43.80,$44.00,$47.80,$48.00,$32.45,$32.60,$36.45,$36.60,$38.60,$38.80,$42.60,$42.80,$30.30,$30.50,$34.30,$34.50,$36.50,$36.70,$40.50,$40.70,$30.60,$30.80,$34.60,$34.80,$36.80,$37.00,$40.80,$41.00,,,,
0.6 m / 2 ft,002FT,$64.55,$64.73,$64.73,$64.98,$68.73,$68.98,$72.73,$72.98,$49.95,$50.20,$55.95,$56.20,$50.20,$50.44,$54.20,$54.44,$58.20,$58.44,$49.59,$49.83,$49.83,$50.07,$53.83,$54.07,$57.83,$58.07,$44.55,$44.73,$44.73,$44.98,$48.73,$48.98,$52.73,$52.98,$35.95,$36.20,$45.95,$46.20,$36.20,$36.44,$40.20,$40.44,$44.20,$44.44,$35.59,$35.83,$35.83,$36.07,$39.83,$40.07,$43.83,$44.07, $44.55 , $44.73 , $48.55 , $48.73 ,$50.73,$50.98,$54.73,$54.98,$37.59,$37.83,$41.59,$41.83,$42.00,$42.00,$46.00,$46.00,$37.95,$38.20,$41.95,$42.20,$42.00,$42.00,$46.00,$46.00,$32.55,$32.73,$36.55,$36.73,$38.73,$38.98,$42.73,$42.98,$30.59,$30.83,$34.59,$34.83,$35.00,$35.00,$39.00,$39.00,$30.95,$31.20,$34.95,$35.20,$35.00,$35.00,$39.00,$39.00,,,,
0.91 m / 3 ft,003FT,$64.82,$65.09,$65.09,$65.46,$69.09,$69.46,$73.09,$73.46,$50.91,$51.28,$56.91,$57.28,$51.28,$51.64,$55.28,$55.64,$59.28,$59.64,$50.37,$50.73,$50.73,$51.09,$54.73,$55.09,$58.73,$59.09,$44.82,$45.09,$45.09,$45.46,$49.09,$49.46,$53.09,$53.46,$36.91,$37.28,$46.91,$47.28,$37.28,$37.64,$41.28,$41.64,$45.28,$45.64,$36.37,$36.73,$36.73,$37.09,$40.73,$41.09,$44.73,$45.09, $44.82 , $45.09 , $48.82 , $49.09 ,$51.09,$51.46,$55.09,$55.46,$38.37,$38.73,$42.37,$42.73,$42.00,$42.00,$46.00,$46.00,$38.91,$39.28,$42.91,$43.28,$42.00,$42.00,$46.00,$46.00,$32.82,$33.09,$36.82,$37.09,$39.09,$39.46,$43.09,$43.46,$31.37,$31.73,$35.37,$35.73,$35.00,$35.00,$39.00,$39.00,$31.91,$32.28,$35.91,$36.28,$35.00,$35.00,$39.00,$39.00,,,,
1 m / 3.28 ft,001M,$64.90,$65.20,$65.20,$65.60,$69.20,$69.60,$73.20,$73.60,$51.20,$51.60,$57.20,$57.60,$51.60,$52.00,$55.60,$56.00,$59.60,$60.00,$50.60,$51.00,$51.00,$51.40,$55.00,$55.40,$59.00,$59.40,$44.90,$45.20,$45.20,$45.60,$49.20,$49.60,$53.20,$53.60,$37.20,$37.60,$47.20,$47.60,$37.60,$38.00,$41.60,$42.00,$45.60,$46.00,$36.60,$37.00,$37.00,$37.40,$41.00,$41.40,$45.00,$45.40, $44.90 , $45.20 , $48.90 , $49.20 ,$51.20,$51.60,$55.20,$55.60,$38.60,$39.00,$42.60,$43.00,$45.00,$45.40,$49.00,$49.40,$39.20,$39.60,$43.20,$43.60,$45.60,$46.00,$49.60,$50.00,$32.90,$33.20,$36.90,$37.20,$39.20,$39.60,$43.20,$43.60,$31.60,$32.00,$35.60,$36.00,$38.00,$38.40,$42.00,$42.40,$32.20,$32.60,$36.20,$36.60,$38.60,$39.00,$42.60,$43.00,,,,
1.21 m / 4 ft,004FT,$65.09,$65.45,$65.45,$65.94,$69.45,$69.94,$73.45,$73.94,$51.87,$52.36,$57.87,$58.36,$52.36,$52.84,$56.36,$56.84,$60.36,$60.84,$51.15,$51.63,$51.63,$52.11,$55.63,$56.11,$59.63,$60.11,$45.09,$45.45,$45.45,$45.94,$49.45,$49.94,$53.45,$53.94,$37.87,$38.36,$47.87,$48.36,$38.36,$38.84,$42.36,$42.84,$46.36,$46.84,$37.15,$37.63,$37.63,$38.11,$41.63,$42.11,$45.63,$46.11, $45.09 , $45.45 , $49.09 , $49.45 ,$51.45,$51.94,$55.45,$55.94,$39.15,$39.63,$43.15,$43.63,$42.00,$42.00,$46.00,$46.00,$39.87,$40.36,$43.87,$44.36,$42.00,$42.00,$46.00,$46.00,$33.09,$33.45,$37.09,$37.45,$39.45,$39.94,$43.45,$43.94,$32.15,$32.63,$36.15,$36.63,$35.00,$35.00,$39.00,$39.00,$32.87,$33.36,$36.87,$37.36,$35.00,$35.00,$39.00,$39.00,,,,
1.5 m / 4.92 ft,150CM,$65.35,$65.80,$65.80,$66.40,$69.80,$70.40,$73.80,$74.40,$52.80,$53.40,$58.80,$59.40,$53.40,$54.00,$57.40,$58.00,$61.40,$62.00,$51.90,$52.50,$52.50,$53.10,$56.50,$57.10,$60.50,$61.10,$45.35,$45.80,$45.80,$46.40,$49.80,$50.40,$53.80,$54.40,$38.80,$39.40,$48.80,$49.40,$39.40,$40.00,$43.40,$44.00,$47.40,$48.00,$37.90,$38.50,$38.50,$39.10,$42.50,$43.10,$46.50,$47.10, $45.35 , $45.80 , $49.35 , $49.80 ,$51.80,$52.40,$55.80,$56.40,$39.90,$40.50,$43.90,$44.50,$42.00,$42.00,$46.00,$46.00,$40.80,$41.40,$44.80,$45.40,$42.00,$42.00,$46.00,$46.00,$33.35,$33.80,$37.35,$37.80,$39.80,$40.40,$43.80,$44.40,$32.90,$33.50,$36.90,$37.50,$35.00,$35.00,$39.00,$39.00,$33.80,$34.40,$37.80,$38.40,$35.00,$35.00,$39.00,$39.00,,,,
1.52 m / 5 ft,005FT,$65.37,$65.82,$65.82,$66.43,$69.82,$70.43,$73.82,$74.43,$52.86,$53.47,$58.86,$59.47,$53.47,$54.08,$57.47,$58.08,$61.47,$62.08,$51.95,$52.56,$52.56,$53.17,$56.56,$57.17,$60.56,$61.17,$45.37,$45.82,$45.82,$46.43,$49.82,$50.43,$53.82,$54.43,$38.86,$39.47,$48.86,$49.47,$39.47,$40.08,$43.47,$44.08,$47.47,$48.08,$37.95,$38.56,$38.56,$39.17,$42.56,$43.17,$46.56,$47.17, $45.37 , $45.82 , $49.37 , $49.82 ,$51.82,$52.43,$55.82,$56.43,$39.95,$40.56,$43.95,$44.56,$42.00,$42.00,$46.00,$46.00,$40.86,$41.47,$44.86,$45.47,$42.00,$42.00,$46.00,$46.00,$33.37,$33.82,$37.37,$37.82,$39.82,$40.43,$43.82,$44.43,$32.95,$33.56,$36.95,$37.56,$35.00,$35.00,$39.00,$39.00,$33.86,$34.47,$37.86,$38.47,$35.00,$35.00,$39.00,$39.00,,,,
1.82 m / 6 ft,006FT,$65.64,$66.18,$66.18,$66.91,$70.18,$70.91,$74.18,$74.91,$53.82,$54.55,$59.82,$60.55,$54.55,$55.28,$58.55,$59.28,$62.55,$63.28,$52.73,$53.46,$53.46,$54.19,$57.46,$58.19,$61.46,$62.19,$45.64,$46.18,$46.18,$46.91,$50.18,$50.91,$54.18,$54.91,$39.82,$40.55,$49.82,$50.55,$40.55,$41.28,$44.55,$45.28,$48.55,$49.28,$38.73,$39.46,$39.46,$40.19,$43.46,$44.19,$47.46,$48.19, $45.64 , $46.18 , $49.64 , $50.18 ,$52.18,$52.91,$56.18,$56.91,$40.73,$41.46,$44.73,$45.46,$42.00,$42.00,$46.00,$46.00,$41.82,$42.55,$45.82,$46.55,$42.00,$42.00,$46.00,$46.00,$33.64,$34.18,$37.64,$38.18,$40.18,$40.91,$44.18,$44.91,$33.73,$34.46,$37.73,$38.46,$35.00,$35.00,$39.00,$39.00,$34.82,$35.55,$38.82,$39.55,$35.00,$35.00,$39.00,$39.00,,,,
2 m / 6.56 ft,002M,$65.80,$66.40,$66.40,$67.20,$70.40,$71.20,$74.40,$75.20,$54.40,$55.20,$60.40,$61.20,$55.20,$56.00,$59.20,$60.00,$63.20,$64.00,$53.20,$54.00,$54.00,$54.80,$58.00,$58.80,$62.00,$62.80,$45.80,$46.40,$46.40,$47.20,$50.40,$51.20,$54.40,$55.20,$40.40,$41.20,$50.40,$51.20,$41.20,$42.00,$45.20,$46.00,$49.20,$50.00,$39.20,$40.00,$40.00,$40.80,$44.00,$44.80,$48.00,$48.80, $45.80 , $46.40 , $49.80 , $50.40 ,$52.40,$53.20,$56.40,$57.20,$41.20,$42.00,$45.20,$46.00,$48.00,$48.80,$52.00,$52.80,$42.40,$43.20,$46.40,$47.20,$49.20,$50.00,$53.20,$54.00,$33.80,$34.40,$37.80,$38.40,$40.40,$41.20,$44.40,$45.20,$34.20,$35.00,$38.20,$39.00,$41.00,$41.80,$45.00,$45.80,$35.40,$36.20,$39.40,$40.20,$42.20,$43.00,$46.20,$47.00,,,,
2.12 m / 7 ft,007FT,$65.91,$66.54,$66.54,$67.39,$70.54,$71.39,$74.54,$75.39,$54.78,$55.63,$60.78,$61.63,$55.63,$56.48,$59.63,$60.48,$63.63,$64.48,$53.51,$54.36,$54.36,$55.21,$58.36,$59.21,$62.36,$63.21,$45.91,$46.54,$46.54,$47.39,$50.54,$51.39,$54.54,$55.39,$40.78,$41.63,$50.78,$51.63,$41.63,$42.48,$45.63,$46.48,$49.63,$50.48,$39.51,$40.36,$40.36,$41.21,$44.36,$45.21,$48.36,$49.21, $45.91 , $46.54 , $49.91 , $50.54 ,$52.54,$53.39,$56.54,$57.39,$41.51,$42.36,$45.51,$46.36,$42.00,$42.00,$46.00,$46.00,$42.78,$43.63,$46.78,$47.63,$42.00,$42.00,$46.00,$46.00,$33.91,$34.54,$37.91,$38.54,$40.54,$41.39,$44.54,$45.39,$34.51,$35.36,$38.51,$39.36,$35.00,$35.00,$39.00,$39.00,$35.78,$36.63,$39.78,$40.63,$35.00,$35.00,$39.00,$39.00,,,,
2.43 m / 8 ft,008FT,$66.19,$66.92,$66.92,$67.89,$70.92,$71.89,$74.92,$75.89,$55.78,$56.75,$61.78,$62.75,$56.75,$57.72,$60.75,$61.72,$64.75,$65.72,$54.32,$55.29,$55.29,$56.26,$59.29,$60.26,$63.29,$64.26,$46.19,$46.92,$46.92,$47.89,$50.92,$51.89,$54.92,$55.89,$41.78,$42.75,$51.78,$52.75,$42.75,$43.72,$46.75,$47.72,$50.75,$51.72,$40.32,$41.29,$41.29,$42.26,$45.29,$46.26,$49.29,$50.26, $46.19 , $46.92 , $50.19 , $50.92 ,$52.92,$53.89,$56.92,$57.89,$42.32,$43.29,$46.32,$47.29,$42.00,$42.00,$46.00,$46.00,$43.78,$44.75,$47.78,$48.75,$42.00,$42.00,$46.00,$46.00,$34.19,$34.92,$38.19,$38.92,$40.92,$41.89,$44.92,$45.89,$35.32,$36.29,$39.32,$40.29,$35.00,$35.00,$39.00,$39.00,$36.78,$37.75,$40.78,$41.75,$35.00,$35.00,$39.00,$39.00,,,,
2.5 m /  8.20 ft,250CM,$66.25,$67.00,$67.00,$68.00,$71.00,$72.00,$75.00,$76.00,$56.00,$57.00,$62.00,$63.00,$57.00,$58.00,$61.00,$62.00,$65.00,$66.00,$54.50,$55.50,$55.50,$56.50,$59.50,$60.50,$63.50,$64.50,$46.25,$47.00,$47.00,$48.00,$51.00,$52.00,$55.00,$56.00,$42.00,$43.00,$52.00,$53.00,$43.00,$44.00,$47.00,$48.00,$51.00,$52.00,$40.50,$41.50,$41.50,$42.50,$45.50,$46.50,$49.50,$50.50, $46.25 , $47.00 , $50.25 , $51.00 ,$53.00,$54.00,$57.00,$58.00,$42.50,$43.50,$46.50,$47.50,$49.50,$50.50,$53.50,$54.50,$44.00,$45.00,$48.00,$49.00,$51.00,$52.00,$55.00,$56.00,$34.25,$35.00,$38.25,$39.00,$41.00,$42.00,$45.00,$46.00,$35.50,$36.50,$39.50,$40.50,$42.50,$43.50,$46.50,$47.50,$37.00,$38.00,$41.00,$42.00,$44.00,$45.00,$48.00,$49.00,,,,
2.74 m / 9 ft,009FT,$66.47,$67.29,$67.29,$68.38,$71.29,$72.38,$75.29,$76.38,$56.77,$57.86,$62.77,$63.86,$57.86,$58.96,$61.86,$62.96,$65.86,$66.96,$55.12,$56.22,$56.22,$57.32,$60.22,$61.32,$64.22,$65.32,$46.47,$47.29,$47.29,$48.38,$51.29,$52.38,$55.29,$56.38,$42.77,$43.86,$52.77,$53.86,$43.86,$44.96,$47.86,$48.96,$51.86,$52.96,$41.12,$42.22,$42.22,$43.32,$46.22,$47.32,$50.22,$51.32, $46.47 , $47.29 , $50.47 , $51.29 ,$53.29,$54.38,$57.29,$58.38,$43.12,$44.22,$47.12,$48.22,$42.00,$42.00,$46.00,$46.00,$44.77,$45.86,$48.77,$49.86,$42.00,$42.00,$46.00,$46.00,$34.47,$35.29,$38.47,$39.29,$41.29,$42.38,$45.29,$46.38,$36.12,$37.22,$40.12,$41.22,$35.00,$35.00,$39.00,$39.00,$37.77,$38.86,$41.77,$42.86,$35.00,$35.00,$39.00,$39.00,,,,
3 m / 9.84 ft,003M,$66.70,$67.60,$67.60,$68.80,$71.60,$72.80,$75.60,$76.80,$57.60,$58.80,$63.60,$64.80,$58.80,$60.00,$62.80,$64.00,$66.80,$68.00,$55.80,$57.00,$57.00,$58.20,$61.00,$62.20,$65.00,$66.20,$46.70,$47.60,$47.60,$48.80,$51.60,$52.80,$55.60,$56.80,$43.60,$44.80,$53.60,$54.80,$44.80,$46.00,$48.80,$50.00,$52.80,$54.00,$41.80,$43.00,$43.00,$44.20,$47.00,$48.20,$51.00,$52.20, $66.70 , $47.60 , $50.70 , $51.60 ,$53.60,$54.80,$57.60,$58.80,$43.80,$45.00,$47.80,$49.00,$51.00,$52.20,$55.00,$56.20,$45.60,$46.80,$49.60,$50.80,$52.80,$54.00,$56.80,$58.00,$42.70,$35.60,$38.70,$39.60,$41.60,$42.80,$45.60,$46.80,$36.80,$38.00,$40.80,$42.00,$44.00,$45.20,$48.00,$49.20,$38.60,$39.80,$42.60,$43.80,$45.80,$47.00,$49.80,$51.00,,,,
3.05 m / 10 ft,010FT,$66.75,$67.66,$67.66,$68.88,$71.66,$72.88,$75.66,$76.88,$57.76,$58.98,$63.76,$64.98,$58.98,$60.20,$62.98,$64.20,$66.98,$68.20,$55.93,$57.15,$57.15,$58.37,$61.15,$62.37,$65.15,$66.37,$46.75,$47.66,$47.66,$48.88,$51.66,$52.88,$55.66,$56.88,$43.76,$44.98,$53.76,$54.98,$44.98,$46.20,$48.98,$50.20,$52.98,$54.20,$41.93,$43.15,$43.15,$44.37,$47.15,$48.37,$51.15,$52.37, $66.75 , $47.66 , $50.75 , $51.66 ,$53.66,$54.88,$57.66,$58.88,$43.93,$45.15,$47.93,$49.15,$42.00,$42.00,$46.00,$46.00,$45.76,$46.98,$49.76,$50.98,$42.00,$42.00,$46.00,$46.00,$42.75,$35.66,$38.75,$39.66,$41.66,$42.88,$45.66,$46.88,$36.93,$38.15,$40.93,$42.15,$35.00,$35.00,$39.00,$39.00,$38.76,$39.98,$42.76,$43.98,$35.00,$35.00,$39.00,$39.00,,,,
3.5 m / 11.48 ft,350CM,$67.15,$68.20,$68.20,$69.60,$72.20,$73.60,$76.20,$77.60,$59.20,$60.60,$65.20,$66.60,$60.60,$62.00,$64.60,$66.00,$68.60,$70.00,$57.10,$58.50,$58.50,$59.90,$62.50,$63.90,$66.50,$67.90,$47.15,$48.20,$48.20,$49.60,$52.20,$53.60,$56.20,$57.60,$45.20,$46.60,$55.20,$56.60,$46.60,$48.00,$50.60,$52.00,$54.60,$56.00,$43.10,$44.50,$44.50,$45.90,$48.50,$49.90,$52.50,$53.90, $67.15 , $48.20 , $51.15 , $52.20 ,$54.20,$55.60,$58.20,$59.60,$45.10,$46.50,$49.10,$50.50,$52.50,$53.90,$56.50,$57.90,$47.20,$48.60,$51.20,$52.60,$54.60,$56.00,$58.60,$60.00,$43.15,$36.20,$39.15,$40.20,$42.20,$43.60,$46.20,$47.60,$38.10,$39.50,$42.10,$43.50,$45.50,$46.90,$49.50,$50.90,$40.20,$41.60,$44.20,$45.60,$47.60,$49.00,$51.60,$53.00,,,,
3.65 m / 12 ft,012FT,$67.29,$68.38,$68.38,$69.84,$72.38,$73.84,$76.38,$77.84,$59.68,$61.14,$65.68,$67.14,$61.14,$62.60,$65.14,$66.60,$69.14,$70.60,$57.49,$58.95,$58.95,$60.41,$62.95,$64.41,$66.95,$68.41,$47.29,$48.38,$48.38,$49.84,$52.38,$53.84,$56.38,$57.84,$45.68,$47.14,$55.68,$57.14,$47.14,$48.60,$51.14,$52.60,$55.14,$56.60,$43.49,$44.95,$44.95,$46.41,$48.95,$50.41,$52.95,$54.41, $67.29 , $48.38 , $51.29 , $52.38 ,$54.38,$55.84,$58.38,$59.84,$45.49,$46.95,$49.49,$50.95,$42.00,$42.00,$46.00,$46.00,$47.68,$49.14,$51.68,$53.14,$42.00,$42.00,$46.00,$46.00,$43.29,$36.38,$39.29,$40.38,$42.38,$43.84,$46.38,$47.84,$38.49,$39.95,$42.49,$43.95,$35.00,$35.00,$39.00,$39.00,$40.68,$42.14,$44.68,$46.14,$35.00,$35.00,$39.00,$39.00,,,,
4 m / 13.12 ft,004M,$67.60,$68.80,$68.80,$70.40,$72.80,$74.40,$76.80,$78.40,$60.80,$62.40,$66.80,$68.40,$62.40,$64.00,$66.40,$68.00,$70.40,$72.00,$58.40,$60.00,$60.00,$61.60,$64.00,$65.60,$68.00,$69.60,$47.60,$48.80,$48.80,$50.40,$52.80,$54.40,$56.80,$58.40,$46.80,$48.40,$56.80,$58.40,$48.40,$50.00,$52.40,$54.00,$56.40,$58.00,$44.40,$46.00,$46.00,$47.60,$50.00,$51.60,$54.00,$55.60, $67.60 , $48.80 , $51.60 , $52.80 ,$54.80,$56.40,$58.80,$60.40,$46.40,$48.00,$50.40,$52.00,$54.00,$55.60,$58.00,$59.60,$48.80,$50.40,$52.80,$54.40,$56.40,$58.00,$60.40,$62.00,$43.60,$36.80,$39.60,$40.80,$42.80,$44.40,$46.80,$48.40,$39.40,$41.00,$43.40,$45.00,$47.00,$48.60,$51.00,$52.60,$41.80,$43.40,$45.80,$47.40,$49.40,$51.00,$53.40,$55.00,,,,
4.26 m / 14 ft,014FT,$67.83,$69.11,$69.11,$70.82,$73.11,$74.82,$77.11,$78.82,$61.63,$63.34,$67.63,$69.34,$63.34,$65.04,$67.34,$69.04,$71.34,$73.04,$59.08,$60.78,$60.78,$62.48,$64.78,$66.48,$68.78,$70.48,$47.83,$49.11,$49.11,$50.82,$53.11,$54.82,$57.11,$58.82,$47.63,$49.34,$57.63,$59.34,$49.34,$51.04,$53.34,$55.04,$57.34,$59.04,$45.08,$46.78,$46.78,$48.48,$50.78,$52.48,$54.78,$56.48, $67.83 , $49.11 , $51.83 , $53.11 ,$55.11,$56.82,$59.11,$60.82,$47.08,$48.78,$51.08,$52.78,$42.00,$42.00,$46.00,$46.00,$49.63,$51.34,$53.63,$55.34,$42.00,$42.00,$46.00,$46.00,$43.83,$37.11,$39.83,$41.11,$43.11,$44.82,$47.11,$48.82,$40.08,$41.78,$44.08,$45.78,$35.00,$35.00,$39.00,$39.00,$42.63,$44.34,$46.63,$48.34,$35.00,$35.00,$39.00,$39.00,,,,
4.57 m / 15 ft,015FT,$68.11,$69.48,$69.48,$71.31,$73.48,$75.31,$77.48,$79.31,$62.62,$64.45,$68.62,$70.45,$64.45,$66.28,$68.45,$70.28,$72.45,$74.28,$59.88,$61.71,$61.71,$63.54,$65.71,$67.54,$69.71,$71.54,$48.11,$49.48,$49.48,$51.31,$53.48,$55.31,$57.48,$59.31,$48.62,$50.45,$58.62,$60.45,$50.45,$52.28,$54.45,$56.28,$58.45,$60.28,$45.88,$47.71,$47.71,$49.54,$51.71,$53.54,$55.71,$57.54, $68.11 , $49.48 , $52.11 , $53.48 ,$55.48,$57.31,$59.48,$61.31,$47.88,$49.71,$51.88,$53.71,$42.00,$42.00,$46.00,$46.00,$50.62,$52.45,$54.62,$56.45,$42.00,$42.00,$46.00,$46.00,$44.11,$37.48,$40.11,$41.48,$43.48,$45.31,$47.48,$49.31,$40.88,$42.71,$44.88,$46.71,$35.00,$35.00,$39.00,$39.00,$43.62,$45.45,$47.62,$49.45,$35.00,$35.00,$39.00,$39.00,,,,
4.87 m / 16 ft,016FT,$68.38,$69.84,$69.84,$71.79,$73.84,$75.79,$77.84,$79.79,$63.58,$65.53,$69.58,$71.53,$65.53,$67.48,$69.53,$71.48,$73.53,$75.48,$60.66,$62.61,$62.61,$64.56,$66.61,$68.56,$70.61,$72.56,$48.38,$49.84,$49.84,$51.79,$53.84,$55.79,$57.84,$59.79,$49.58,$51.53,$59.58,$61.53,$51.53,$53.48,$55.53,$57.48,$59.53,$61.48,$46.66,$48.61,$48.61,$50.56,$52.61,$54.56,$56.61,$58.56, $68.38 , $49.84 , $52.38 , $53.84 ,$55.84,$57.79,$59.84,$61.79,$48.66,$50.61,$52.66,$54.61,$42.00,$42.00,$46.00,$46.00,$51.58,$53.53,$55.58,$57.53,$42.00,$42.00,$46.00,$46.00,$44.38,$37.84,$40.38,$41.84,$43.84,$45.79,$47.84,$49.79,$41.66,$43.61,$45.66,$47.61,$35.00,$35.00,$39.00,$39.00,$44.58,$46.53,$48.58,$50.53,$35.00,$35.00,$39.00,$39.00,,,,
5 m / 16.40 ft,005M,$68.50,$70.00,$70.00,$72.00,$74.00,$76.00,$78.00,$80.00,$64.00,$66.00,$70.00,$72.00,$66.00,$68.00,$70.00,$72.00,$74.00,$76.00,$61.00,$63.00,$63.00,$65.00,$67.00,$69.00,$71.00,$73.00,$48.50,$50.00,$50.00,$52.00,$54.00,$56.00,$58.00,$60.00,$50.00,$52.00,$60.00,$62.00,$52.00,$54.00,$56.00,$58.00,$60.00,$62.00,$47.00,$49.00,$49.00,$51.00,$53.00,$55.00,$57.00,$59.00, $68.50 , $50.00 , $52.50 , $54.00 ,$56.00,$58.00,$60.00,$62.00,$49.00,$51.00,$53.00,$55.00,$57.00,$59.00,$61.00,$63.00,$52.00,$54.00,$56.00,$58.00,$60.00,$62.00,$64.00,$66.00,$44.50,$38.00,$40.50,$42.00,$44.00,$46.00,$48.00,$50.00,$42.00,$44.00,$46.00,$48.00,$50.00,$52.00,$54.00,$56.00,$45.00,$47.00,$49.00,$51.00,$53.00,$55.00,$57.00,$59.00,,,,
5.48 m / 18 ft,018FT,$68.93,$70.58,$70.58,$72.77,$74.58,$76.77,$78.58,$80.77,$65.54,$67.73,$71.54,$73.73,$67.73,$69.92,$71.73,$73.92,$75.73,$77.92,$62.25,$64.44,$64.44,$66.63,$68.44,$70.63,$72.44,$74.63,$48.93,$50.58,$50.58,$52.77,$54.58,$56.77,$58.58,$60.77,$51.54,$53.73,$61.54,$63.73,$53.73,$55.92,$57.73,$59.92,$61.73,$63.92,$48.25,$50.44,$50.44,$52.63,$54.44,$56.63,$58.44,$60.63, $68.93 , $50.58 , $52.93 , $54.58 ,$56.58,$58.77,$60.58,$62.77,$50.25,$52.44,$54.25,$56.44,$42.00,$42.00,$46.00,$46.00,$53.54,$55.73,$57.54,$59.73,$42.00,$42.00,$46.00,$46.00,$44.93,$38.58,$40.93,$42.58,$44.58,$46.77,$48.58,$50.77,$43.25,$45.44,$47.25,$49.44,$35.00,$35.00,$39.00,$39.00,$46.54,$48.73,$50.54,$52.73,$35.00,$35.00,$39.00,$39.00,,,,
6 m / 19.68 ft,006M,$69.40,$71.20,$71.20,$73.60,$75.20,$77.60,$79.20,$81.60,$67.20,$69.60,$73.20,$75.60,$69.60,$72.00,$73.60,$76.00,$77.60,$80.00,$63.60,$66.00,$66.00,$68.40,$70.00,$72.40,$74.00,$76.40,$49.40,$51.20,$51.20,$53.60,$55.20,$57.60,$59.20,$61.60,$53.20,$55.60,$63.20,$65.60,$55.60,$58.00,$59.60,$62.00,$63.60,$66.00,$49.60,$52.00,$52.00,$54.40,$56.00,$58.40,$60.00,$62.40, $69.40 , $51.20 , $53.40 , $55.20 ,$57.20,$59.60,$61.20,$63.60,$51.60,$54.00,$55.60,$58.00,$60.00,$62.40,$64.00,$66.40,$55.20,$57.60,$59.20,$61.60,$63.60,$66.00,$67.60,$70.00,$45.40,$39.20,$41.40,$43.20,$45.20,$47.60,$49.20,$51.60,$44.60,$47.00,$48.60,$51.00,$53.00,$55.40,$57.00,$59.40,$48.20,$50.60,$52.20,$54.60,$56.60,$59.00,$60.60,$63.00,,,,
6.09 m / 20 ft,020FT,$69.48,$71.31,$71.31,$73.74,$75.31,$77.74,$79.31,$81.74,$67.49,$69.92,$73.49,$75.92,$69.92,$72.36,$73.92,$76.36,$77.92,$80.36,$63.83,$66.27,$66.27,$68.71,$70.27,$72.71,$74.27,$76.71,$49.48,$51.31,$51.31,$53.74,$55.31,$57.74,$59.31,$61.74,$53.49,$55.92,$63.49,$65.92,$55.92,$58.36,$59.92,$62.36,$63.92,$66.36,$49.83,$52.27,$52.27,$54.71,$56.27,$58.71,$60.27,$62.71, $69.48 , $51.31 , $53.48 , $55.31 ,$57.31,$59.74,$61.31,$63.74,$51.83,$54.27,$55.83,$58.27,$42.00,$42.00,$46.00,$46.00,$55.49,$57.92,$59.49,$61.92,$42.00,$42.00,$46.00,$46.00,$45.48,$39.31,$41.48,$43.31,$45.31,$47.74,$49.31,$51.74,$44.83,$47.27,$48.83,$51.27,$35.00,$35.00,$39.00,$39.00,$48.49,$50.92,$52.49,$54.92,$35.00,$35.00,$39.00,$39.00,,,,
7 m / 22.96 ft,007M,$70.30,$72.40,$72.40,$75.20,$76.40,$79.20,$80.40,$83.20,$70.40,$73.20,$76.40,$79.20,$73.20,$76.00,$77.20,$80.00,$81.20,$84.00,$66.20,$69.00,$69.00,$71.80,$73.00,$75.80,$77.00,$79.80,$50.30,$52.40,$52.40,$55.20,$56.40,$59.20,$60.40,$63.20,$56.40,$59.20,$66.40,$69.20,$59.20,$62.00,$63.20,$66.00,$67.20,$70.00,$52.20,$55.00,$55.00,$57.80,$59.00,$61.80,$63.00,$65.80, $70.30 , $52.40 , $54.30 , $56.40 ,$58.40,$61.20,$62.40,$65.20,$54.20,$57.00,$58.20,$61.00,$63.00,$65.80,$67.00,$69.80,$58.40,$61.20,$62.40,$65.20,$67.20,$70.00,$71.20,$74.00,$46.30,$40.40,$42.30,$44.40,$46.40,$49.20,$50.40,$53.20,$47.20,$50.00,$51.20,$54.00,$56.00,$58.80,$60.00,$62.80,$51.40,$54.20,$55.40,$58.20,$60.20,$63.00,$64.20,$67.00,,,,
7.62 m / 25 ft,025FT,$70.86,$73.14,$73.14,$76.19,$77.14,$80.19,$81.14,$84.19,$72.38,$75.43,$78.38,$81.43,$75.43,$78.48,$79.43,$82.48,$83.43,$86.48,$67.81,$70.86,$70.86,$73.91,$74.86,$77.91,$78.86,$81.91,$50.86,$53.14,$53.14,$56.19,$57.14,$60.19,$61.14,$64.19,$58.38,$61.43,$68.38,$71.43,$61.43,$64.48,$65.43,$68.48,$69.43,$72.48,$53.81,$56.86,$56.86,$59.91,$60.86,$63.91,$64.86,$67.91, $70.86 , $53.14 , $54.86 , $57.14 ,$59.14,$62.19,$63.14,$66.19,$55.81,$58.86,$59.81,$62.86,$42.00,$42.00,$46.00,$46.00,$60.38,$63.43,$64.38,$67.43,$42.00,$42.00,$46.00,$46.00,$46.86,$41.14,$42.86,$45.14,$47.14,$50.19,$51.14,$54.19,$48.81,$51.86,$52.81,$55.86,$35.00,$35.00,$39.00,$39.00,$53.38,$56.43,$57.38,$60.43,$35.00,$35.00,$39.00,$39.00,,,,
8 m / 26.24 ft,008M,$71.20,$73.60,$73.60,$76.80,$77.60,$80.80,$81.60,$84.80,$73.60,$76.80,$79.60,$82.80,$76.80,$80.00,$80.80,$84.00,$84.80,$88.00,$68.80,$72.00,$72.00,$75.20,$76.00,$79.20,$80.00,$83.20,$51.20,$53.60,$53.60,$56.80,$57.60,$60.80,$61.60,$64.80,$59.60,$62.80,$69.60,$72.80,$62.80,$66.00,$66.80,$70.00,$70.80,$74.00,$54.80,$58.00,$58.00,$61.20,$62.00,$65.20,$66.00,$69.20, $71.20 , $53.60 , $55.20 , $57.60 ,$59.60,$62.80,$63.60,$66.80,$56.80,$60.00,$60.80,$64.00,$66.00,$69.20,$70.00,$73.20,$61.60,$64.80,$65.60,$68.80,$70.80,$74.00,$74.80,$78.00,$47.20,$41.60,$43.20,$45.60,$47.60,$50.80,$51.60,$54.80,$49.80,$53.00,$53.80,$57.00,$59.00,$62.20,$63.00,$66.20,$54.60,$57.80,$58.60,$61.80,$63.80,$67.00,$67.80,$71.00,,,,
9 m / 29.52 ft,009M,$72.10,$74.80,$74.80,$78.40,$78.80,$82.40,$82.80,$86.40,$76.80,$80.40,$82.80,$86.40,$80.40,$84.00,$84.40,$88.00,$88.40,$92.00,$71.40,$75.00,$75.00,$78.60,$79.00,$82.60,$83.00,$86.60,$52.10,$54.80,$54.80,$58.40,$58.80,$62.40,$62.80,$66.40,$62.80,$66.40,$72.80,$76.40,$66.40,$70.00,$70.40,$74.00,$74.40,$78.00,$57.40,$61.00,$61.00,$64.60,$65.00,$68.60,$69.00,$72.60, $72.10 , $54.80 , $56.10 , $58.80 ,$60.80,$64.40,$64.80,$68.40,$59.40,$63.00,$63.40,$67.00,$69.00,$72.60,$73.00,$76.60,$64.80,$68.40,$68.80,$72.40,$74.40,$78.00,$78.40,$82.00,$48.10,$42.80,$44.10,$46.80,$48.80,$52.40,$52.80,$56.40,$52.40,$56.00,$56.40,$60.00,$62.00,$65.60,$66.00,$69.60,$57.80,$61.40,$61.80,$65.40,$67.40,$71.00,$71.40,$75.00,,,,
9.14 m / 30 ft,030FT,$72.23,$74.97,$74.97,$78.62,$78.97,$82.62,$82.97,$86.62,$77.25,$80.90,$83.25,$86.90,$80.90,$84.56,$84.90,$88.56,$88.90,$92.56,$71.76,$75.42,$75.42,$79.08,$79.42,$83.08,$83.42,$87.08,$52.23,$54.97,$54.97,$58.62,$58.97,$62.62,$62.97,$66.62,$63.25,$66.90,$73.25,$76.90,$66.90,$70.56,$70.90,$74.56,$74.90,$78.56,$57.76,$61.42,$61.42,$65.08,$65.42,$69.08,$69.42,$73.08, $72.23 , $54.97 , $56.23 , $58.97 ,$60.97,$64.62,$64.97,$68.62,$59.76,$63.42,$63.76,$67.42,$42.00,$42.00,$46.00,$46.00,$65.25,$68.90,$69.25,$72.90,$42.00,$42.00,$46.00,$46.00,$48.23,$42.97,$44.23,$46.97,$48.97,$52.62,$52.97,$56.62,$52.76,$56.42,$56.76,$60.42,$35.00,$35.00,$39.00,$39.00,$58.25,$61.90,$62.25,$65.90,$35.00,$35.00,$39.00,$39.00,,,,
10 m / 32.80 ft,010M,$73.00,$76.00,$76.00,$80.00,$80.00,$84.00,$84.00,$88.00,$80.00,$84.00,$86.00,$90.00,$84.00,$88.00,$88.00,$92.00,$92.00,$96.00,$74.00,$78.00,$78.00,$82.00,$82.00,$86.00,$86.00,$90.00,$53.00,$56.00,$56.00,$60.00,$60.00,$64.00,$64.00,$68.00,$66.00,$70.00,$76.00,$80.00,$70.00,$74.00,$74.00,$78.00,$78.00,$82.00,$60.00,$64.00,$64.00,$68.00,$68.00,$72.00,$72.00,$76.00, $73.00 , $56.00 , $57.00 , $60.00 ,$62.00,$66.00,$66.00,$70.00,$62.00,$66.00,$66.00,$70.00,$72.00,$76.00,$76.00,$80.00,$68.00,$72.00,$72.00,$76.00,$78.00,$82.00,$82.00,$86.00,$49.00,$44.00,$45.00,$48.00,$50.00,$54.00,$54.00,$58.00,$55.00,$59.00,$59.00,$63.00,$65.00,$69.00,$69.00,$73.00,$61.00,$65.00,$65.00,$69.00,$71.00,$75.00,$75.00,$79.00,,,,
12 m / 39.37 ft,012M,$74.80,$78.40,$78.40,$83.20,$82.40,$87.20,$86.40,$91.20,$86.40,$91.20,$92.40,$97.20,$91.20,$96.00,$95.20,$100.00,$99.20,$104.00,$79.20,$84.00,$84.00,$88.80,$88.00,$92.80,$92.00,$96.80,$54.80,$58.40,$58.40,$63.20,$62.40,$67.20,$66.40,$71.20,$72.40,$77.20,$82.40,$87.20,$77.20,$82.00,$81.20,$86.00,$85.20,$90.00,$65.20,$70.00,$70.00,$74.80,$74.00,$78.80,$78.00,$82.80, $74.80 , $58.40 , $58.80 , $62.40 ,$64.40,$69.20,$68.40,$73.20,$67.20,$72.00,$71.20,$76.00,$78.00,$82.80,$82.00,$86.80,$74.40,$79.20,$78.40,$83.20,$85.20,$90.00,$89.20,$94.00,$50.80,$46.40,$46.80,$50.40,$52.40,$57.20,$56.40,$61.20,$60.20,$65.00,$64.20,$69.00,$71.00,$75.80,$75.00,$79.80,$67.40,$72.20,$71.40,$76.20,$78.20,$83.00,$82.20,$87.00,,,,
12.19 m / 40 ft,040FT,$74.97,$78.63,$78.63,$83.50,$82.63,$87.50,$86.63,$91.50,$87.01,$91.88,$93.01,$97.88,$91.88,$96.76,$95.88,$100.76,$99.88,$104.76,$79.69,$84.57,$84.57,$89.45,$88.57,$93.45,$92.57,$97.45,$54.97,$58.63,$58.63,$63.50,$62.63,$67.50,$66.63,$71.50,$73.01,$77.88,$83.01,$87.88,$77.88,$82.76,$81.88,$86.76,$85.88,$90.76,$65.69,$70.57,$70.57,$75.45,$74.57,$79.45,$78.57,$83.45, $74.97 , $58.63 , $58.97 , $62.63 ,$64.63,$69.50,$68.63,$73.50,$67.69,$72.57,$71.69,$76.57,$42.00,$42.00,$46.00,$46.00,$75.01,$79.88,$79.01,$83.88,$42.00,$42.00,$46.00,$46.00,$50.97,$46.63,$46.97,$50.63,$52.63,$57.50,$56.63,$61.50,$60.69,$65.57,$64.69,$69.57,$35.00,$35.00,$39.00,$39.00,$68.01,$72.88,$72.01,$76.88,$35.00,$35.00,$39.00,$39.00,,,,
15 m / 49.21 ft,015M,$77.50,$82.00,$82.00,$88.00,$86.00,$92.00,$90.00,$96.00,$96.00,$102.00,$102.00,$108.00,$102.00,$108.00,$106.00,$112.00,$110.00,$116.00,$87.00,$93.00,$93.00,$99.00,$97.00,$103.00,$101.00,$107.00,$57.50,$62.00,$62.00,$68.00,$66.00,$72.00,$70.00,$76.00,$82.00,$88.00,$92.00,$98.00,$88.00,$94.00,$92.00,$98.00,$96.00,$102.00,$73.00,$79.00,$79.00,$85.00,$83.00,$89.00,$87.00,$93.00, $77.50 , $62.00 , $61.50 , $66.00 ,$68.00,$74.00,$72.00,$78.00,$75.00,$81.00,$79.00,$85.00,$87.00,$93.00,$91.00,$97.00,$84.00,$90.00,$88.00,$94.00,$96.00,$102.00,$100.00,$106.00,$53.50,$50.00,$49.50,$54.00,$56.00,$62.00,$60.00,$66.00,$68.00,$74.00,$72.00,$78.00,$80.00,$86.00,$84.00,$90.00,$77.00,$83.00,$81.00,$87.00,$89.00,$95.00,$93.00,$99.00,,,,
15.24 m / 50 ft,050FT,$77.72,$82.29,$82.29,$88.38,$86.29,$92.38,$90.29,$96.38,$96.77,$102.86,$102.77,$108.86,$102.86,$108.96,$106.86,$112.96,$110.86,$116.96,$87.62,$93.72,$93.72,$99.82,$97.72,$103.82,$101.72,$107.82,$57.72,$62.29,$62.29,$68.38,$66.29,$72.38,$70.29,$76.38,$82.77,$88.86,$92.77,$98.86,$88.86,$94.96,$92.86,$98.96,$96.86,$102.96,$73.62,$79.72,$79.72,$85.82,$83.72,$89.82,$87.72,$93.82, $77.72 , $62.29 , $61.72 , $66.29 ,$68.29,$74.38,$72.29,$78.38,$75.62,$81.72,$79.62,$85.72,$42.00,$42.00,$46.00,$46.00,$84.77,$90.86,$88.77,$94.86,$42.00,$42.00,$46.00,$46.00,$53.72,$50.29,$49.72,$54.29,$56.29,$62.38,$60.29,$66.38,$68.62,$74.72,$72.62,$78.72,$35.00,$35.00,$39.00,$39.00,$77.77,$83.86,$81.77,$87.86,$35.00,$35.00,$39.00,$39.00,,,,
17 m /  55.77 ft,017M,$79.30,$84.40,$84.40,$91.20,$88.40,$95.20,$92.40,$99.20,$102.40,$109.20,$108.40,$115.20,$109.20,$116.00,$113.20,$120.00,$117.20,$124.00,$92.20,$99.00,$99.00,$105.80,$103.00,$109.80,$107.00,$113.80,$59.30,$64.40,$64.40,$71.20,$68.40,$75.20,$72.40,$79.20,$88.40,$95.20,$98.40,$105.20,$95.20,$102.00,$99.20,$106.00,$103.20,$110.00,$78.20,$85.00,$85.00,$91.80,$89.00,$95.80,$93.00,$99.80, $79.30 , $64.40 , $63.30 , $68.40 ,$70.40,$77.20,$74.40,$81.20,$80.20,$87.00,$84.20,$91.00,$93.00,$99.80,$97.00,$103.80,$90.40,$97.20,$94.40,$101.20,$103.20,$110.00,$107.20,$114.00,$55.30,$52.40,$51.30,$56.40,$58.40,$65.20,$62.40,$69.20,$73.20,$80.00,$77.20,$84.00,$86.00,$92.80,$90.00,$96.80,$83.40,$90.20,$87.40,$94.20,$96.20,$103.00,$100.20,$107.00,,,,
18.28 m / 60 ft,060FT,$80.45,$85.94,$85.94,$93.25,$89.94,$97.25,$93.94,$101.25,$106.50,$113.81,$112.50,$119.81,$113.81,$121.12,$117.81,$125.12,$121.81,$129.12,$95.53,$102.84,$102.84,$110.15,$106.84,$114.15,$110.84,$118.15,$60.45,$65.94,$65.94,$73.25,$69.94,$77.25,$73.94,$81.25,$92.50,$99.81,$102.50,$109.81,$99.81,$107.12,$103.81,$111.12,$107.81,$115.12,$81.53,$88.84,$88.84,$96.15,$92.84,$100.15,$96.84,$104.15, $80.45 , $65.94 , $64.45 , $69.94 ,$71.94,$79.25,$75.94,$83.25,$83.53,$90.84,$87.53,$94.84,$42.00,$42.00,$46.00,$46.00,$94.50,$101.81,$98.50,$105.81,$42.00,$42.00,$46.00,$46.00,$56.45,$53.94,$52.45,$57.94,$59.94,$67.25,$63.94,$71.25,$76.53,$83.84,$80.53,$87.84,$35.00,$35.00,$39.00,$39.00,$87.50,$94.81,$91.50,$98.81,$35.00,$35.00,$39.00,$39.00,,,,
20 m /  65.61 ft,020M,$82.00,$88.00,$88.00,$96.00,$92.00,$100.00,$96.00,$104.00,$112.00,$120.00,$118.00,$126.00,$120.00,$128.00,$124.00,$132.00,$128.00,$136.00,$100.00,$108.00,$108.00,$116.00,$112.00,$120.00,$116.00,$124.00,$62.00,$68.00,$68.00,$76.00,$72.00,$80.00,$76.00,$84.00,$98.00,$106.00,$108.00,$116.00,$106.00,$114.00,$110.00,$118.00,$114.00,$122.00,$86.00,$94.00,$94.00,$102.00,$98.00,$106.00,$102.00,$110.00, $82.00 , $68.00 , $66.00 , $72.00 ,$74.00,$82.00,$78.00,$86.00,$88.00,$96.00,$92.00,$100.00,$102.00,$110.00,$106.00,$114.00,$100.00,$108.00,$104.00,$112.00,$114.00,$122.00,$118.00,$126.00,$58.00,$56.00,$54.00,$60.00,$62.00,$70.00,$66.00,$74.00,$81.00,$89.00,$85.00,$93.00,$95.00,$103.00,$99.00,$107.00,$93.00,$101.00,$97.00,$105.00,$107.00,$115.00,$111.00,$119.00,,,,
21.33 m / 70 ft,070FT,$83.20,$89.60,$89.60,$98.13,$93.60,$102.13,$97.60,$106.13,$116.26,$124.79,$122.26,$130.79,$124.79,$133.32,$128.79,$137.32,$132.79,$141.32,$103.46,$111.99,$111.99,$120.52,$115.99,$124.52,$119.99,$128.52,$63.20,$69.60,$69.60,$78.13,$73.60,$82.13,$77.60,$86.13,$102.26,$110.79,$112.26,$120.79,$110.79,$119.32,$114.79,$123.32,$118.79,$127.32,$89.46,$97.99,$97.99,$106.52,$101.99,$110.52,$105.99,$114.52, $83.20 , $69.60 , $67.20 , $73.60 ,$75.60,$84.13,$79.60,$88.13,$91.46,$99.99,$95.46,$103.99,$42.00,$42.00,$46.00,$46.00,$104.26,$112.79,$108.26,$116.79,$42.00,$42.00,$46.00,$46.00,$59.20,$57.60,$55.20,$61.60,$63.60,$72.13,$67.60,$76.13,$84.46,$92.99,$88.46,$96.99,$35.00,$35.00,$39.00,$39.00,$97.26,$105.79,$101.26,$109.79,$35.00,$35.00,$39.00,$39.00,,,,
22 m /  72.17 ft,022M,$83.80,$90.40,$90.40,$99.20,$94.40,$103.20,$98.40,$107.20,$118.40,$127.20,$124.40,$133.20,$127.20,$136.00,$131.20,$140.00,$135.20,$144.00,$105.20,$114.00,$114.00,$122.80,$118.00,$126.80,$122.00,$130.80,$63.80,$70.40,$70.40,$79.20,$74.40,$83.20,$78.40,$87.20,$104.40,$113.20,$114.40,$123.20,$113.20,$122.00,$117.20,$126.00,$121.20,$130.00,$91.20,$100.00,$100.00,$108.80,$104.00,$112.80,$108.00,$116.80, $83.80 , $70.40 , $67.80 , $74.40 ,$76.40,$85.20,$80.40,$89.20,$93.20,$102.00,$97.20,$106.00,$108.00,$116.80,$112.00,$120.80,$106.40,$115.20,$110.40,$119.20,$121.20,$130.00,$125.20,$134.00,$59.80,$58.40,$55.80,$62.40,$64.40,$73.20,$68.40,$77.20,$86.20,$95.00,$90.20,$99.00,$101.00,$109.80,$105.00,$113.80,$99.40,$108.20,$103.40,$112.20,$114.20,$123.00,$118.20,$127.00,,,,
22.86 m / 75 ft,075FT,$84.57,$91.43,$91.43,$100.58,$95.43,$104.58,$99.43,$108.58,$121.15,$130.30,$127.15,$136.30,$130.30,$139.44,$134.30,$143.44,$138.30,$147.44,$107.44,$116.58,$116.58,$125.72,$120.58,$129.72,$124.58,$133.72,$64.57,$71.43,$71.43,$80.58,$75.43,$84.58,$79.43,$88.58,$107.15,$116.30,$117.15,$126.30,$116.30,$125.44,$120.30,$129.44,$124.30,$133.44,$93.44,$102.58,$102.58,$111.72,$106.58,$115.72,$110.58,$119.72, $84.57 , $71.43 , $68.57 , $75.43 ,$77.43,$86.58,$81.43,$90.58,$95.44,$104.58,$99.44,$108.58,$42.00,$42.00,$46.00,$46.00,$109.15,$118.30,$113.15,$122.30,$42.00,$42.00,$46.00,$46.00,$60.57,$59.43,$56.57,$63.43,$65.43,$74.58,$69.43,$78.58,$88.44,$97.58,$92.44,$101.58,$35.00,$35.00,$39.00,$39.00,$102.15,$111.30,$106.15,$115.30,$35.00,$35.00,$39.00,$39.00,,,,
24.38 m / 80 ft,080FT,$85.94,$93.26,$93.26,$103.01,$97.26,$107.01,$101.26,$111.01,$126.02,$135.77,$132.02,$141.77,$135.77,$145.52,$139.77,$149.52,$143.77,$153.52,$111.39,$121.14,$121.14,$130.89,$125.14,$134.89,$129.14,$138.89,$65.94,$73.26,$73.26,$83.01,$77.26,$87.01,$81.26,$91.01,$112.02,$121.77,$122.02,$131.77,$121.77,$131.52,$125.77,$135.52,$129.77,$139.52,$97.39,$107.14,$107.14,$116.89,$111.14,$120.89,$115.14,$124.89, $85.94 , $73.26 , $69.94 , $77.26 ,$79.26,$89.01,$83.26,$93.01,$99.39,$109.14,$103.39,$113.14,$42.00,$42.00,$46.00,$46.00,$114.02,$123.77,$118.02,$127.77,$42.00,$42.00,$46.00,$46.00,$61.94,$61.26,$57.94,$65.26,$67.26,$77.01,$71.26,$81.01,$92.39,$102.14,$96.39,$106.14,$35.00,$35.00,$39.00,$39.00,$107.02,$116.77,$111.02,$120.77,$35.00,$35.00,$39.00,$39.00,,,,
25 m /  82.02 ft,025M,$86.50,$94.00,$94.00,$104.00,$98.00,$108.00,$102.00,$112.00,$128.00,$138.00,$134.00,$144.00,$138.00,$148.00,$142.00,$152.00,$146.00,$156.00,$113.00,$123.00,$123.00,$133.00,$127.00,$137.00,$131.00,$141.00,$66.50,$74.00,$74.00,$84.00,$78.00,$88.00,$82.00,$92.00,$114.00,$124.00,$124.00,$134.00,$124.00,$134.00,$128.00,$138.00,$132.00,$142.00,$99.00,$109.00,$109.00,$119.00,$113.00,$123.00,$117.00,$127.00, $86.50 , $74.00 , $70.50 , $78.00 ,$80.00,$90.00,$84.00,$94.00,$101.00,$111.00,$105.00,$115.00,$117.00,$127.00,$121.00,$131.00,$116.00,$126.00,$120.00,$130.00,$132.00,$142.00,$136.00,$146.00,$62.50,$62.00,$58.50,$66.00,$68.00,$78.00,$72.00,$82.00,$94.00,$104.00,$98.00,$108.00,$110.00,$120.00,$114.00,$124.00,$109.00,$119.00,$113.00,$123.00,$125.00,$135.00,$129.00,$139.00,,,,
27.43 m / 90 ft,090FT,$88.69,$96.92,$96.92,$107.89,$100.92,$111.89,$104.92,$115.89,$135.78,$146.75,$141.78,$152.75,$146.75,$157.72,$150.75,$161.72,$154.75,$165.72,$119.32,$130.29,$130.29,$141.26,$134.29,$145.26,$138.29,$149.26,$68.69,$76.92,$76.92,$87.89,$80.92,$91.89,$84.92,$95.89,$121.78,$132.75,$131.78,$142.75,$132.75,$143.72,$136.75,$147.72,$140.75,$151.72,$105.32,$116.29,$116.29,$127.26,$120.29,$131.26,$124.29,$135.26, $88.69 , $76.92 , $72.69 , $80.92 ,$82.92,$93.89,$86.92,$97.89,$107.32,$118.29,$111.32,$122.29,$42.00,$42.00,$46.00,$46.00,$123.78,$134.75,$127.78,$138.75,$42.00,$42.00,$46.00,$46.00,$64.69,$64.92,$60.69,$68.92,$70.92,$81.89,$74.92,$85.89,$100.32,$111.29,$104.32,$115.29,$35.00,$35.00,$39.00,$39.00,$116.78,$127.75,$120.78,$131.75,$35.00,$35.00,$39.00,$39.00,,,,
30 m /  98.42 ft,030M,$91.00,$100.00,$100.00,$112.00,$104.00,$116.00,$108.00,$120.00,$144.00,$156.00,$150.00,$162.00,$156.00,$168.00,$160.00,$172.00,$164.00,$176.00,$126.00,$138.00,$138.00,$150.00,$142.00,$154.00,$146.00,$158.00,$71.00,$80.00,$80.00,$92.00,$84.00,$96.00,$88.00,$100.00,$130.00,$142.00,$140.00,$152.00,$142.00,$154.00,$146.00,$158.00,$150.00,$162.00,$112.00,$124.00,$124.00,$136.00,$128.00,$140.00,$132.00,$144.00, $91.00 , $80.00 , $75.00 , $84.00 ,$86.00,$98.00,$90.00,$102.00,$114.00,$126.00,$118.00,$130.00,$132.00,$144.00,$136.00,$148.00,$132.00,$144.00,$136.00,$148.00,$150.00,$162.00,$154.00,$166.00,$67.00,$68.00,$63.00,$72.00,$74.00,$86.00,$78.00,$90.00,$107.00,$119.00,$111.00,$123.00,$125.00,$137.00,$129.00,$141.00,$125.00,$137.00,$129.00,$141.00,$143.00,$155.00,$147.00,$159.00,,,,
30.48 m /  100 ft,100FT,$91.43,$100.58,$100.58,$112.77,$104.58,$116.77,$108.58,$120.77,$145.54,$157.73,$151.54,$163.73,$157.73,$169.92,$161.73,$173.92,$165.73,$177.92,$127.25,$139.44,$139.44,$151.63,$143.44,$155.63,$147.44,$159.63,$71.43,$80.58,$80.58,$92.77,$84.58,$96.77,$88.58,$100.77,$131.54,$143.73,$141.54,$153.73,$143.73,$155.92,$147.73,$159.92,$151.73,$163.92,$113.25,$125.44,$125.44,$137.63,$129.44,$141.63,$133.44,$145.63, $91.43 , $80.58 , $75.43 , $84.58 ,$86.58,$98.77,$90.58,$102.77,$115.25,$127.44,$119.25,$131.44,$42.00,$42.00,$46.00,$46.00,$133.54,$145.73,$137.54,$149.73,$42.00,$42.00,$46.00,$46.00,$67.43,$68.58,$63.43,$72.58,$74.58,$86.77,$78.58,$90.77,$108.25,$120.44,$112.25,$124.44,$35.00,$35.00,$39.00,$39.00,$126.54,$138.73,$130.54,$142.73,$35.00,$35.00,$39.00,$39.00,,,,
33.52 m / 110 ft,110FT,$94.17,$104.22,$104.22,$117.63,$108.22,$121.63,$112.22,$125.63,$155.26,$168.67,$161.26,$174.67,$168.67,$182.08,$172.67,$186.08,$176.67,$190.08,$135.15,$148.56,$148.56,$161.97,$152.56,$165.97,$156.56,$169.97,$74.17,$84.22,$84.22,$97.63,$88.22,$101.63,$92.22,$105.63,$141.26,$154.67,$151.26,$164.67,$154.67,$168.08,$158.67,$172.08,$162.67,$176.08,$121.15,$134.56,$134.56,$147.97,$138.56,$151.97,$142.56,$155.97, $94.17 , $84.22 , $78.17 , $88.22 ,$90.22,$103.63,$94.22,$107.63,$123.15,$136.56,$127.15,$140.56,$42.00,$42.00,$46.00,$46.00,$143.26,$156.67,$147.26,$160.67,$42.00,$42.00,$46.00,$46.00,$70.17,$72.22,$66.17,$76.22,$78.22,$91.63,$82.22,$95.63,$116.15,$129.56,$120.15,$133.56,$35.00,$35.00,$39.00,$39.00,$136.26,$149.67,$140.26,$153.67,$35.00,$35.00,$39.00,$39.00,,,,
35 m / 114.82 ft,035M,$95.50,$106.00,$106.00,$120.00,$110.00,$124.00,$114.00,$128.00,$160.00,$174.00,$166.00,$180.00,$174.00,$188.00,$178.00,$192.00,$182.00,$196.00,$139.00,$153.00,$153.00,$167.00,$157.00,$171.00,$161.00,$175.00,$75.50,$86.00,$86.00,$100.00,$90.00,$104.00,$94.00,$108.00,$146.00,$160.00,$156.00,$170.00,$160.00,$174.00,$164.00,$178.00,$168.00,$182.00,$125.00,$139.00,$139.00,$153.00,$143.00,$157.00,$147.00,$161.00, $95.50 , $86.00 , $79.50 , $90.00 ,$92.00,$106.00,$96.00,$110.00,$127.00,$141.00,$131.00,$145.00,$147.00,$161.00,$151.00,$165.00,$148.00,$162.00,$152.00,$166.00,$168.00,$182.00,$172.00,$186.00,$71.50,$74.00,$67.50,$78.00,$80.00,$94.00,$84.00,$98.00,$120.00,$134.00,$124.00,$138.00,$140.00,$154.00,$144.00,$158.00,$141.00,$155.00,$145.00,$159.00,$161.00,$175.00,$165.00,$179.00,,,,
36.57 m / 120 ft,120FT,$96.91,$107.88,$107.88,$122.51,$111.88,$126.51,$115.88,$130.51,$165.02,$179.65,$171.02,$185.65,$179.65,$194.28,$183.65,$198.28,$187.65,$202.28,$143.08,$157.71,$157.71,$172.34,$161.71,$176.34,$165.71,$180.34,$76.91,$87.88,$87.88,$102.51,$91.88,$106.51,$95.88,$110.51,$151.02,$165.65,$161.02,$175.65,$165.65,$180.28,$169.65,$184.28,$173.65,$188.28,$129.08,$143.71,$143.71,$158.34,$147.71,$162.34,$151.71,$166.34, $96.91 , $87.88 , $80.91 , $91.88 ,$93.88,$108.51,$97.88,$112.51,$131.08,$145.71,$135.08,$149.71,$42.00,$42.00,$46.00,$46.00,$153.02,$167.65,$157.02,$171.65,$42.00,$42.00,$46.00,$46.00,$72.91,$75.88,$68.91,$79.88,$81.88,$96.51,$85.88,$100.51,$124.08,$138.71,$128.08,$142.71,$35.00,$35.00,$39.00,$39.00,$146.02,$160.65,$150.02,$164.65,$35.00,$35.00,$39.00,$39.00,,,,
38.1 m / 125 ft,125FT,$98.29,$109.72,$109.72,$124.96,$113.72,$128.96,$117.72,$132.96,$169.92,$185.16,$175.92,$191.16,$185.16,$200.40,$189.16,$204.40,$193.16,$208.40,$147.06,$162.30,$162.30,$177.54,$166.30,$181.54,$170.30,$185.54,$78.29,$89.72,$89.72,$104.96,$93.72,$108.96,$97.72,$112.96,$155.92,$171.16,$165.92,$181.16,$171.16,$186.40,$175.16,$190.40,$179.16,$194.40,$133.06,$148.30,$148.30,$163.54,$152.30,$167.54,$156.30,$171.54, $98.29 , $89.72 , $82.29 , $93.72 ,$95.72,$110.96,$99.72,$114.96,$135.06,$150.30,$139.06,$154.30,$42.00,$42.00,$46.00,$46.00,$157.92,$173.16,$161.92,$177.16,$42.00,$42.00,$46.00,$46.00,$74.29,$77.72,$70.29,$81.72,$83.72,$98.96,$87.72,$102.96,$128.06,$143.30,$132.06,$147.30,$35.00,$35.00,$39.00,$39.00,$150.92,$166.16,$154.92,$170.16,$35.00,$35.00,$39.00,$39.00,,,,
39.62 m / 130 ft,130FT,$99.66,$111.54,$111.54,$127.39,$115.54,$131.39,$119.54,$135.39,$174.78,$190.63,$180.78,$196.63,$190.63,$206.48,$194.63,$210.48,$198.63,$214.48,$151.01,$166.86,$166.86,$182.71,$170.86,$186.71,$174.86,$190.71,$79.66,$91.54,$91.54,$107.39,$95.54,$111.39,$99.54,$115.39,$160.78,$176.63,$170.78,$186.63,$176.63,$192.48,$180.63,$196.48,$184.63,$200.48,$137.01,$152.86,$152.86,$168.71,$156.86,$172.71,$160.86,$176.71, $99.66 , $91.54 , $83.66 , $95.54 ,$97.54,$113.39,$101.54,$117.39,$139.01,$154.86,$143.01,$158.86,$42.00,$42.00,$46.00,$46.00,$162.78,$178.63,$166.78,$182.63,$42.00,$42.00,$46.00,$46.00,$75.66,$79.54,$71.66,$83.54,$85.54,$101.39,$89.54,$105.39,$132.01,$147.86,$136.01,$151.86,$35.00,$35.00,$39.00,$39.00,$155.78,$171.63,$159.78,$175.63,$35.00,$35.00,$39.00,$39.00,,,,
40 m / 131.23 ft,040M,$100.00,$112.00,$112.00,$128.00,$116.00,$132.00,$120.00,$136.00,$176.00,$192.00,$182.00,$198.00,$192.00,$208.00,$196.00,$212.00,$200.00,$216.00,$152.00,$168.00,$168.00,$184.00,$172.00,$188.00,$176.00,$192.00,$80.00,$92.00,$92.00,$108.00,$96.00,$112.00,$100.00,$116.00,$162.00,$178.00,$172.00,$188.00,$178.00,$194.00,$182.00,$198.00,$186.00,$202.00,$138.00,$154.00,$154.00,$170.00,$158.00,$174.00,$162.00,$178.00, $100.00 , $92.00 , $84.00 , $96.00 ,$98.00,$114.00,$102.00,$118.00,$140.00,$156.00,$144.00,$160.00,$162.00,$178.00,$166.00,$182.00,$164.00,$180.00,$168.00,$184.00,$186.00,$202.00,$190.00,$206.00,$76.00,$80.00,$72.00,$84.00,$86.00,$102.00,$90.00,$106.00,$133.00,$149.00,$137.00,$153.00,$155.00,$171.00,$159.00,$175.00,$157.00,$173.00,$161.00,$177.00,$179.00,$195.00,$183.00,$199.00,,,,
42.67 m / 140 ft,140FT,$102.40,$115.20,$115.20,$132.27,$119.20,$136.27,$123.20,$140.27,$184.54,$201.61,$190.54,$207.61,$201.61,$218.68,$205.61,$222.68,$209.61,$226.68,$158.94,$176.01,$176.01,$193.08,$180.01,$197.08,$184.01,$201.08,$82.40,$95.20,$95.20,$112.27,$99.20,$116.27,$103.20,$120.27,$170.54,$187.61,$180.54,$197.61,$187.61,$204.68,$191.61,$208.68,$195.61,$212.68,$144.94,$162.01,$162.01,$179.08,$166.01,$183.08,$170.01,$187.08, $102.40 , $95.20 , $86.40 , $99.20 ,$101.20,$118.27,$105.20,$122.27,$146.94,$164.01,$150.94,$168.01,$42.00,$42.00,$46.00,$46.00,$172.54,$189.61,$176.54,$193.61,$42.00,$42.00,$46.00,$46.00,$78.40,$83.20,$74.40,$87.20,$89.20,$106.27,$93.20,$110.27,$139.94,$157.01,$143.94,$161.01,$35.00,$35.00,$39.00,$39.00,$165.54,$182.61,$169.54,$186.61,$35.00,$35.00,$39.00,$39.00,,,,
45.72 m / 150 ft,150FT,$105.15,$118.86,$118.86,$137.15,$122.86,$141.15,$126.86,$145.15,$194.30,$212.59,$200.30,$218.59,$212.59,$230.88,$216.59,$234.88,$220.59,$238.88,$166.87,$185.16,$185.16,$203.45,$189.16,$207.45,$193.16,$211.45,$85.15,$98.86,$98.86,$117.15,$102.86,$121.15,$106.86,$125.15,$180.30,$198.59,$190.30,$208.59,$198.59,$216.88,$202.59,$220.88,$206.59,$224.88,$152.87,$171.16,$171.16,$189.45,$175.16,$193.45,$179.16,$197.45, $105.15 , $98.86 , $89.15 , $102.86 ,$104.86,$123.15,$108.86,$127.15,$154.87,$173.16,$158.87,$177.16,$42.00,$42.00,$46.00,$46.00,$182.30,$200.59,$186.30,$204.59,$42.00,$42.00,$46.00,$46.00,$81.15,$86.86,$77.15,$90.86,$92.86,$111.15,$96.86,$115.15,$147.87,$166.16,$151.87,$170.16,$35.00,$35.00,$39.00,$39.00,$175.30,$193.59,$179.30,$197.59,$35.00,$35.00,$39.00,$39.00,,,,
48.76 m / 160 ft,160FT,$107.88,$122.51,$122.51,$142.02,$126.51,$146.02,$130.51,$150.02,$204.03,$223.54,$210.03,$229.54,$223.54,$243.04,$227.54,$247.04,$231.54,$251.04,$174.78,$194.28,$194.28,$213.78,$198.28,$217.78,$202.28,$221.78,$87.88,$102.51,$102.51,$122.02,$106.51,$126.02,$110.51,$130.02,$190.03,$209.54,$200.03,$219.54,$209.54,$229.04,$213.54,$233.04,$217.54,$237.04,$160.78,$180.28,$180.28,$199.78,$184.28,$203.78,$188.28,$207.78, $107.88 , $102.51 , $91.88 , $106.51 ,$108.51,$128.02,$112.51,$132.02,$162.78,$182.28,$166.78,$186.28,$42.00,$42.00,$46.00,$46.00,$192.03,$211.54,$196.03,$215.54,$42.00,$42.00,$46.00,$46.00,$83.88,$90.51,$79.88,$94.51,$96.51,$116.02,$100.51,$120.02,$155.78,$175.28,$159.78,$179.28,$35.00,$35.00,$39.00,$39.00,$185.03,$204.54,$189.03,$208.54,$35.00,$35.00,$39.00,$39.00,,,,
50 m / 164.04 ft,050M,$109.00,$124.00,$124.00,$144.00,$128.00,$148.00,$132.00,$152.00,$208.00,$228.00,$214.00,$234.00,$228.00,$248.00,$232.00,$252.00,$236.00,$256.00,$178.00,$198.00,$198.00,$218.00,$202.00,$222.00,$206.00,$226.00,$89.00,$104.00,$104.00,$124.00,$108.00,$128.00,$112.00,$132.00,$194.00,$214.00,$204.00,$224.00,$214.00,$234.00,$218.00,$238.00,$222.00,$242.00,$164.00,$184.00,$184.00,$204.00,$188.00,$208.00,$192.00,$212.00, $109.00 , $104.00 , $93.00 , $108.00 ,$110.00,$130.00,$114.00,$134.00,$166.00,$186.00,$170.00,$190.00,$192.00,$212.00,$196.00,$216.00,$196.00,$216.00,$200.00,$220.00,$222.00,$242.00,$226.00,$246.00,$85.00,$92.00,$81.00,$96.00,$98.00,$118.00,$102.00,$122.00,$159.00,$179.00,$163.00,$183.00,$185.00,$205.00,$189.00,$209.00,$189.00,$209.00,$193.00,$213.00,$215.00,$235.00,$219.00,$239.00,,,,
53.34 m / 175 ft,175FT,$112.01,$128.01,$128.01,$149.34,$132.01,$153.34,$136.01,$157.34,$218.69,$240.02,$224.69,$246.02,$240.02,$261.36,$244.02,$265.36,$248.02,$269.36,$186.68,$208.02,$208.02,$229.36,$212.02,$233.36,$216.02,$237.36,$92.01,$108.01,$108.01,$129.34,$112.01,$133.34,$116.01,$137.34,$204.69,$226.02,$214.69,$236.02,$226.02,$247.36,$230.02,$251.36,$234.02,$255.36,$172.68,$194.02,$194.02,$215.36,$198.02,$219.36,$202.02,$223.36, $112.01 , $108.01 , $96.01 , $112.01 ,$114.01,$135.34,$118.01,$139.34,$174.68,$196.02,$178.68,$200.02,$42.00,$42.00,$46.00,$46.00,$206.69,$228.02,$210.69,$232.02,$42.00,$42.00,$46.00,$46.00,$88.01,$96.01,$84.01,$100.01,$102.01,$123.34,$106.01,$127.34,$167.68,$189.02,$171.68,$193.02,$35.00,$35.00,$39.00,$39.00,$199.69,$221.02,$203.69,$225.02,$35.00,$35.00,$39.00,$39.00,,,,
54.86 m / 180 ft,180FT,$113.37,$129.83,$129.83,$151.78,$133.83,$155.78,$137.83,$159.78,$223.55,$245.50,$229.55,$251.50,$245.50,$267.44,$249.50,$271.44,$253.50,$275.44,$190.64,$212.58,$212.58,$234.52,$216.58,$238.52,$220.58,$242.52,$93.37,$109.83,$109.83,$131.78,$113.83,$135.78,$117.83,$139.78,$209.55,$231.50,$219.55,$241.50,$231.50,$253.44,$235.50,$257.44,$239.50,$261.44,$176.64,$198.58,$198.58,$220.52,$202.58,$224.52,$206.58,$228.52, $113.37 , $109.83 , $97.37 , $113.83 ,$115.83,$137.78,$119.83,$141.78,$178.64,$200.58,$182.64,$204.58,$42.00,$42.00,$46.00,$46.00,$211.55,$233.50,$215.55,$237.50,$42.00,$42.00,$46.00,$46.00,$89.37,$97.83,$85.37,$101.83,$103.83,$125.78,$107.83,$129.78,$171.64,$193.58,$175.64,$197.58,$35.00,$35.00,$39.00,$39.00,$204.55,$226.50,$208.55,$230.50,$35.00,$35.00,$39.00,$39.00,,,,
55 m / 180.44 ft,055M,$113.50,$130.00,$130.00,$152.00,$134.00,$156.00,$138.00,$160.00,$224.00,$246.00,$230.00,$252.00,$246.00,$268.00,$250.00,$272.00,$254.00,$276.00,$191.00,$213.00,$213.00,$235.00,$217.00,$239.00,$221.00,$243.00,$93.50,$110.00,$110.00,$132.00,$114.00,$136.00,$118.00,$140.00,$210.00,$232.00,$220.00,$242.00,$232.00,$254.00,$236.00,$258.00,$240.00,$262.00,$177.00,$199.00,$199.00,$221.00,$203.00,$225.00,$207.00,$229.00, $113.50 , $110.00 , $97.50 , $114.00 ,$116.00,$138.00,$120.00,$142.00,$179.00,$201.00,$183.00,$205.00,$207.00,$229.00,$211.00,$233.00,$212.00,$234.00,$216.00,$238.00,$240.00,$262.00,$244.00,$266.00,$89.50,$98.00,$85.50,$102.00,$104.00,$126.00,$108.00,$130.00,$172.00,$194.00,$176.00,$198.00,$200.00,$222.00,$204.00,$226.00,$205.00,$227.00,$209.00,$231.00,$233.00,$255.00,$237.00,$259.00,,,,
60.96 m / 200 ft,200FT,$118.86,$137.15,$137.15,$161.54,$141.15,$165.54,$145.15,$169.54,$243.07,$267.46,$249.07,$273.46,$267.46,$291.84,$271.46,$295.84,$275.46,$299.84,$206.50,$230.88,$230.88,$255.26,$234.88,$259.26,$238.88,$263.26,$98.86,$117.15,$117.15,$141.54,$121.15,$145.54,$125.15,$149.54,$229.07,$253.46,$239.07,$263.46,$253.46,$277.84,$257.46,$281.84,$261.46,$285.84,$192.50,$216.88,$216.88,$241.26,$220.88,$245.26,$224.88,$249.26, $118.86 , $117.15 , $102.86 , $121.15 ,$123.15,$147.54,$127.15,$151.54,$194.50,$218.88,$198.50,$222.88,$42.00,$42.00,$46.00,$46.00,$231.07,$255.46,$235.07,$259.46,$42.00,$42.00,$46.00,$46.00,$94.86,$105.15,$90.86,$109.15,$111.15,$135.54,$115.15,$139.54,$187.50,$211.88,$191.50,$215.88,$35.00,$35.00,$39.00,$39.00,$224.07,$248.46,$228.07,$252.46,$35.00,$35.00,$39.00,$39.00,,,,
65 m / 213.25 ft,065M,$122.50,$142.00,$142.00,$168.00,$146.00,$172.00,$150.00,$176.00,$256.00,$282.00,$262.00,$288.00,$282.00,$308.00,$286.00,$312.00,$290.00,$316.00,$217.00,$243.00,$243.00,$269.00,$247.00,$273.00,$251.00,$277.00,$102.50,$122.00,$122.00,$148.00,$126.00,$152.00,$130.00,$156.00,$242.00,$268.00,$252.00,$278.00,$268.00,$294.00,$272.00,$298.00,$276.00,$302.00,$203.00,$229.00,$229.00,$255.00,$233.00,$259.00,$237.00,$263.00, $122.50 , $122.00 , $106.50 , $126.00 ,$128.00,$154.00,$132.00,$158.00,$205.00,$231.00,$209.00,$235.00,$237.00,$263.00,$241.00,$267.00,$244.00,$270.00,$248.00,$274.00,$276.00,$302.00,$280.00,$306.00,$98.50,$110.00,$94.50,$114.00,$116.00,$142.00,$120.00,$146.00,$198.00,$224.00,$202.00,$228.00,$230.00,$256.00,$234.00,$260.00,$237.00,$263.00,$241.00,$267.00,$269.00,$295.00,$273.00,$299.00,,,,
67.05 m / 220 ft,220FT,$124.35,$144.46,$144.46,$171.28,$148.46,$175.28,$152.46,$179.28,$262.56,$289.38,$268.56,$295.38,$289.38,$316.20,$293.38,$320.20,$297.38,$324.20,$222.33,$249.15,$249.15,$275.97,$253.15,$279.97,$257.15,$283.97,$104.35,$124.46,$124.46,$151.28,$128.46,$155.28,$132.46,$159.28,$248.56,$275.38,$258.56,$285.38,$275.38,$302.20,$279.38,$306.20,$283.38,$310.20,$208.33,$235.15,$235.15,$261.97,$239.15,$265.97,$243.15,$269.97, $124.35 , $124.46 , $108.35 , $128.46 ,$130.46,$157.28,$134.46,$161.28,$210.33,$237.15,$214.33,$241.15,$42.00,$42.00,$46.00,$46.00,$250.56,$277.38,$254.56,$281.38,$42.00,$42.00,$46.00,$46.00,$100.35,$112.46,$96.35,$116.46,$118.46,$145.28,$122.46,$149.28,$203.33,$230.15,$207.33,$234.15,$35.00,$35.00,$39.00,$39.00,$243.56,$270.38,$247.56,$274.38,$35.00,$35.00,$39.00,$39.00,,,,
68.58 m / 225 ft,225FT,$125.72,$146.30,$146.30,$173.73,$150.30,$177.73,$154.30,$181.73,$267.46,$294.89,$273.46,$300.89,$294.89,$322.32,$298.89,$326.32,$302.89,$330.32,$226.31,$253.74,$253.74,$281.17,$257.74,$285.17,$261.74,$289.17,$105.72,$126.30,$126.30,$153.73,$130.30,$157.73,$134.30,$161.73,$253.46,$280.89,$263.46,$290.89,$280.89,$308.32,$284.89,$312.32,$288.89,$316.32,$212.31,$239.74,$239.74,$267.17,$243.74,$271.17,$247.74,$275.17, $125.72 , $126.30 , $109.72 , $130.30 ,$132.30,$159.73,$136.30,$163.73,$214.31,$241.74,$218.31,$245.74,$42.00,$42.00,$46.00,$46.00,$255.46,$282.89,$259.46,$286.89,$42.00,$42.00,$46.00,$46.00,$101.72,$114.30,$97.72,$118.30,$120.30,$147.73,$124.30,$151.73,$207.31,$234.74,$211.31,$238.74,$35.00,$35.00,$39.00,$39.00,$248.46,$275.89,$252.46,$279.89,$35.00,$35.00,$39.00,$39.00,,,,
70 m / 229.65 ft,070M,$127.00,$148.00,$148.00,$176.00,$152.00,$180.00,$156.00,$184.00,$272.00,$300.00,$278.00,$306.00,$300.00,$328.00,$304.00,$332.00,$308.00,$336.00,$230.00,$258.00,$258.00,$286.00,$262.00,$290.00,$266.00,$294.00,$107.00,$128.00,$128.00,$156.00,$132.00,$160.00,$136.00,$164.00,$258.00,$286.00,$268.00,$296.00,$286.00,$314.00,$290.00,$318.00,$294.00,$322.00,$216.00,$244.00,$244.00,$272.00,$248.00,$276.00,$252.00,$280.00, $127.00 , $128.00 , $111.00 , $132.00 ,$134.00,$162.00,$138.00,$166.00,$218.00,$246.00,$222.00,$250.00,$252.00,$280.00,$256.00,$284.00,$260.00,$288.00,$264.00,$292.00,$294.00,$322.00,$298.00,$326.00,$103.00,$116.00,$99.00,$120.00,$122.00,$150.00,$126.00,$154.00,$211.00,$239.00,$215.00,$243.00,$245.00,$273.00,$249.00,$277.00,$253.00,$281.00,$257.00,$285.00,$287.00,$315.00,$291.00,$319.00,,,,
73.15 m / 240 ft,240FT,$129.84,$151.78,$151.78,$181.04,$155.78,$185.04,$159.78,$189.04,$282.08,$311.34,$288.08,$317.34,$311.34,$340.60,$315.34,$344.60,$319.34,$348.60,$238.19,$267.45,$267.45,$296.71,$271.45,$300.71,$275.45,$304.71,$109.84,$131.78,$131.78,$161.04,$135.78,$165.04,$139.78,$169.04,$268.08,$297.34,$278.08,$307.34,$297.34,$326.60,$301.34,$330.60,$305.34,$334.60,$224.19,$253.45,$253.45,$282.71,$257.45,$286.71,$261.45,$290.71, $129.84 , $131.78 , $113.84 , $135.78 ,$137.78,$167.04,$141.78,$171.04,$226.19,$255.45,$230.19,$259.45,$42.00,$42.00,$46.00,$46.00,$270.08,$299.34,$274.08,$303.34,$42.00,$42.00,$46.00,$46.00,$105.84,$119.78,$101.84,$123.78,$125.78,$155.04,$129.78,$159.04,$219.19,$248.45,$223.19,$252.45,$35.00,$35.00,$39.00,$39.00,$263.08,$292.34,$267.08,$296.34,$35.00,$35.00,$39.00,$39.00,,,,
76.20 m /  250 ft,250FT,$132.58,$155.44,$155.44,$185.92,$159.44,$189.92,$163.44,$193.92,$291.84,$322.32,$297.84,$328.32,$322.32,$352.80,$326.32,$356.80,$330.32,$360.80,$246.12,$276.60,$276.60,$307.08,$280.60,$311.08,$284.60,$315.08,$112.58,$135.44,$135.44,$165.92,$139.44,$169.92,$143.44,$173.92,$277.84,$308.32,$287.84,$318.32,$308.32,$338.80,$312.32,$342.80,$316.32,$346.80,$232.12,$262.60,$262.60,$293.08,$266.60,$297.08,$270.60,$301.08, $132.58 , $135.44 , $116.58 , $139.44 ,$141.44,$171.92,$145.44,$175.92,$234.12,$264.60,$238.12,$268.60,$42.00,$42.00,$46.00,$46.00,$279.84,$310.32,$283.84,$314.32,$42.00,$42.00,$46.00,$46.00,$108.58,$123.44,$104.58,$127.44,$129.44,$159.92,$133.44,$163.92,$227.12,$257.60,$231.12,$261.60,$35.00,$35.00,$39.00,$39.00,$272.84,$303.32,$276.84,$307.32,$35.00,$35.00,$39.00,$39.00,,,,
79.24 m / 260 ft,260FT,$135.32,$159.09,$159.09,$190.78,$163.09,$194.78,$167.09,$198.78,$301.57,$333.26,$307.57,$339.26,$333.26,$364.96,$337.26,$368.96,$341.26,$372.96,$254.02,$285.72,$285.72,$317.42,$289.72,$321.42,$293.72,$325.42,$115.32,$139.09,$139.09,$170.78,$143.09,$174.78,$147.09,$178.78,$287.57,$319.26,$297.57,$329.26,$319.26,$350.96,$323.26,$354.96,$327.26,$358.96,$240.02,$271.72,$271.72,$303.42,$275.72,$307.42,$279.72,$311.42, $135.32 , $139.09 , $119.32 , $143.09 ,$145.09,$176.78,$149.09,$180.78,$242.02,$273.72,$246.02,$277.72,$42.00,$42.00,$46.00,$46.00,$289.57,$321.26,$293.57,$325.26,$42.00,$42.00,$46.00,$46.00,$111.32,$127.09,$107.32,$131.09,$133.09,$164.78,$137.09,$168.78,$235.02,$266.72,$239.02,$270.72,$35.00,$35.00,$39.00,$39.00,$282.57,$314.26,$286.57,$318.26,$35.00,$35.00,$39.00,$39.00,,,,
80 m / 262.46 ft,080M,$136.00,$160.00,$160.00,$192.00,$164.00,$196.00,$168.00,$200.00,$304.00,$336.00,$310.00,$342.00,$336.00,$368.00,$340.00,$372.00,$344.00,$376.00,$256.00,$288.00,$288.00,$320.00,$292.00,$324.00,$296.00,$328.00,$116.00,$140.00,$140.00,$172.00,$144.00,$176.00,$148.00,$180.00,$290.00,$322.00,$300.00,$332.00,$322.00,$354.00,$326.00,$358.00,$330.00,$362.00,$242.00,$274.00,$274.00,$306.00,$278.00,$310.00,$282.00,$314.00, $136.00 , $140.00 , $120.00 , $144.00 ,$146.00,$178.00,$150.00,$182.00,$244.00,$276.00,$248.00,$280.00,$282.00,$314.00,$286.00,$318.00,$292.00,$324.00,$296.00,$328.00,$330.00,$362.00,$334.00,$366.00,$112.00,$128.00,$108.00,$132.00,$134.00,$166.00,$138.00,$170.00,$237.00,$269.00,$241.00,$273.00,$275.00,$307.00,$279.00,$311.00,$285.00,$317.00,$289.00,$321.00,$323.00,$355.00,$327.00,$359.00,,,,
83.82 m / 275 ft,275FT,$139.44,$164.58,$164.58,$198.11,$168.58,$202.11,$172.58,$206.11,$316.22,$349.75,$322.22,$355.75,$349.75,$383.28,$353.75,$387.28,$357.75,$391.28,$265.93,$299.46,$299.46,$332.99,$303.46,$336.99,$307.46,$340.99,$119.44,$144.58,$144.58,$178.11,$148.58,$182.11,$152.58,$186.11,$302.22,$335.75,$312.22,$345.75,$335.75,$369.28,$339.75,$373.28,$343.75,$377.28,$251.93,$285.46,$285.46,$318.99,$289.46,$322.99,$293.46,$326.99, $139.44 , $144.58 , $123.44 , $148.58 ,$150.58,$184.11,$154.58,$188.11,$253.93,$287.46,$257.93,$291.46,$42.00,$42.00,$46.00,$46.00,$304.22,$337.75,$308.22,$341.75,$42.00,$42.00,$46.00,$46.00,$115.44,$132.58,$111.44,$136.58,$138.58,$172.11,$142.58,$176.11,$246.93,$280.46,$250.93,$284.46,$35.00,$35.00,$39.00,$39.00,$297.22,$330.75,$301.22,$334.75,$35.00,$35.00,$39.00,$39.00,,,,
85.34 m / 280 ft,280FT,$140.81,$166.41,$166.41,$200.54,$170.41,$204.54,$174.41,$208.54,$321.09,$355.22,$327.09,$361.22,$355.22,$389.36,$359.22,$393.36,$363.22,$397.36,$269.88,$304.02,$304.02,$338.16,$308.02,$342.16,$312.02,$346.16,$120.81,$146.41,$146.41,$180.54,$150.41,$184.54,$154.41,$188.54,$307.09,$341.22,$317.09,$351.22,$341.22,$375.36,$345.22,$379.36,$349.22,$383.36,$255.88,$290.02,$290.02,$324.16,$294.02,$328.16,$298.02,$332.16, $140.81 , $146.41 , $124.81 , $150.41 ,$152.41,$186.54,$156.41,$190.54,$257.88,$292.02,$261.88,$296.02,$42.00,$42.00,$46.00,$46.00,$309.09,$343.22,$313.09,$347.22,$42.00,$42.00,$46.00,$46.00,$116.81,$134.41,$112.81,$138.41,$140.41,$174.54,$144.41,$178.54,$250.88,$285.02,$254.88,$289.02,$35.00,$35.00,$39.00,$39.00,$302.09,$336.22,$306.09,$340.22,$35.00,$35.00,$39.00,$39.00,,,,
90 m / 295.27 ft,090M,$145.00,$172.00,$172.00,$208.00,$176.00,$212.00,$180.00,$216.00,$336.00,$372.00,$342.00,$378.00,$372.00,$408.00,$376.00,$412.00,$380.00,$416.00,$282.00,$318.00,$318.00,$354.00,$322.00,$358.00,$326.00,$362.00,$125.00,$152.00,$152.00,$188.00,$156.00,$192.00,$160.00,$196.00,$322.00,$358.00,$332.00,$368.00,$358.00,$394.00,$362.00,$398.00,$366.00,$402.00,$268.00,$304.00,$304.00,$340.00,$308.00,$344.00,$312.00,$348.00, $145.00 , $152.00 , $129.00 , $156.00 ,$158.00,$194.00,$162.00,$198.00,$270.00,$306.00,$274.00,$310.00,$312.00,$348.00,$316.00,$352.00,$324.00,$360.00,$328.00,$364.00,$366.00,$402.00,$370.00,$406.00,$121.00,$140.00,$117.00,$144.00,$146.00,$182.00,$150.00,$186.00,$263.00,$299.00,$267.00,$303.00,$305.00,$341.00,$309.00,$345.00,$317.00,$353.00,$321.00,$357.00,$359.00,$395.00,$363.00,$399.00,,,,
91.44 m /  300 ft,300FT,$146.30,$173.73,$173.73,$210.30,$177.73,$214.30,$181.73,$218.30,$340.61,$377.18,$346.61,$383.18,$377.18,$413.76,$381.18,$417.76,$385.18,$421.76,$285.74,$322.32,$322.32,$358.90,$326.32,$362.90,$330.32,$366.90,$126.30,$153.73,$153.73,$190.30,$157.73,$194.30,$161.73,$198.30,$326.61,$363.18,$336.61,$373.18,$363.18,$399.76,$367.18,$403.76,$371.18,$407.76,$271.74,$308.32,$308.32,$344.90,$312.32,$348.90,$316.32,$352.90, $146.30 , $153.73 , $130.30 , $157.73 ,$159.73,$196.30,$163.73,$200.30,$273.74,$310.32,$277.74,$314.32,$42.00,$42.00,$46.00,$46.00,$328.61,$365.18,$332.61,$369.18,$42.00,$42.00,$46.00,$46.00,$122.30,$141.73,$118.30,$145.73,$147.73,$184.30,$151.73,$188.30,$266.74,$303.32,$270.74,$307.32,$35.00,$35.00,$39.00,$39.00,$321.61,$358.18,$325.61,$362.18,$35.00,$35.00,$39.00,$39.00,,,,
95 m /  311.67 ft,095M,$149.50,$178.00,$178.00,$216.00,$182.00,$220.00,$186.00,$224.00,$352.00,$390.00,$358.00,$396.00,$390.00,$428.00,$394.00,$432.00,$398.00,$436.00,$295.00,$333.00,$333.00,$371.00,$337.00,$375.00,$341.00,$379.00,$129.50,$158.00,$158.00,$196.00,$162.00,$200.00,$166.00,$204.00,$338.00,$376.00,$348.00,$386.00,$376.00,$414.00,$380.00,$418.00,$384.00,$422.00,$281.00,$319.00,$319.00,$357.00,$323.00,$361.00,$327.00,$365.00, $149.50 , $158.00 , $133.50 , $162.00 ,$164.00,$202.00,$168.00,$206.00,$283.00,$321.00,$287.00,$325.00,$327.00,$365.00,$331.00,$369.00,$340.00,$378.00,$344.00,$382.00,$384.00,$422.00,$388.00,$426.00,$125.50,$146.00,$121.50,$150.00,$152.00,$190.00,$156.00,$194.00,$276.00,$314.00,$280.00,$318.00,$320.00,$358.00,$324.00,$362.00,$333.00,$371.00,$337.00,$375.00,$377.00,$415.00,$381.00,$419.00,,,,
99.06 m / 325 ft,325FT,$153.15,$182.87,$182.87,$222.50,$186.87,$226.50,$190.87,$230.50,$364.99,$404.62,$370.99,$410.62,$404.62,$444.24,$408.62,$448.24,$412.62,$452.24,$305.56,$345.18,$345.18,$384.80,$349.18,$388.80,$353.18,$392.80,$133.15,$162.87,$162.87,$202.50,$166.87,$206.50,$170.87,$210.50,$350.99,$390.62,$360.99,$400.62,$390.62,$430.24,$394.62,$434.24,$398.62,$438.24,$291.56,$331.18,$331.18,$370.80,$335.18,$374.80,$339.18,$378.80, $153.15 , $162.87 , $137.15 , $166.87 ,$168.87,$208.50,$172.87,$212.50,$293.56,$333.18,$297.56,$337.18,$42.00,$42.00,$46.00,$46.00,$352.99,$392.62,$356.99,$396.62,$42.00,$42.00,$46.00,$46.00,$129.15,$150.87,$125.15,$154.87,$156.87,$196.50,$160.87,$200.50,$286.56,$326.18,$290.56,$330.18,$35.00,$35.00,$39.00,$39.00,$345.99,$385.62,$349.99,$389.62,$35.00,$35.00,$39.00,$39.00,,,,
100 m / 328.08 ft,100M,$154.00,$184.00,$184.00,$224.00,$188.00,$228.00,$192.00,$232.00,$368.00,$408.00,$374.00,$414.00,$408.00,$448.00,$412.00,$452.00,$416.00,$456.00,$308.00,$348.00,$348.00,$388.00,$352.00,$392.00,$356.00,$396.00,$134.00,$164.00,$164.00,$204.00,$168.00,$208.00,$172.00,$212.00,$354.00,$394.00,$364.00,$404.00,$394.00,$434.00,$398.00,$438.00,$402.00,$442.00,$294.00,$334.00,$334.00,$374.00,$338.00,$378.00,$342.00,$382.00, $154.00 , $164.00 , $138.00 , $168.00 ,$170.00,$210.00,$174.00,$214.00,$296.00,$336.00,$300.00,$340.00,$342.00,$382.00,$346.00,$386.00,$356.00,$396.00,$360.00,$400.00,$402.00,$442.00,$406.00,$446.00,$130.00,$152.00,$126.00,$156.00,$158.00,$198.00,$162.00,$202.00,$289.00,$329.00,$293.00,$333.00,$335.00,$375.00,$339.00,$379.00,$349.00,$389.00,$353.00,$393.00,$395.00,$435.00,$399.00,$439.00,,,,
106.68 m / 350 ft,350FT,$160.01,$192.02,$192.02,$234.69,$196.02,$238.69,$200.02,$242.69,$389.38,$432.05,$395.38,$438.05,$432.05,$474.72,$436.05,$478.72,$440.05,$482.72,$325.37,$368.04,$368.04,$410.71,$372.04,$414.71,$376.04,$418.71,$140.01,$172.02,$172.02,$214.69,$176.02,$218.69,$180.02,$222.69,$375.38,$418.05,$385.38,$428.05,$418.05,$460.72,$422.05,$464.72,$426.05,$468.72,$311.37,$354.04,$354.04,$396.71,$358.04,$400.71,$362.04,$404.71, $160.01 , $172.02 , $144.01 , $176.02 ,$178.02,$220.69,$182.02,$224.69,$313.37,$356.04,$317.37,$360.04,$42.00,$42.00,$46.00,$46.00,$377.38,$420.05,$381.38,$424.05,$42.00,$42.00,$46.00,$46.00,$136.01,$160.02,$132.01,$164.02,$166.02,$208.69,$170.02,$212.69,$306.37,$349.04,$310.37,$353.04,$35.00,$35.00,$39.00,$39.00,$370.38,$413.05,$374.38,$417.05,$35.00,$35.00,$39.00,$39.00,,,,
114.3 m / 375 ft,375FT,$166.87,$201.16,$201.16,$246.88,$205.16,$250.88,$209.16,$254.88,$413.76,$459.48,$419.76,$465.48,$459.48,$505.20,$463.48,$509.20,$467.48,$513.20,$345.18,$390.90,$390.90,$436.62,$394.90,$440.62,$398.90,$444.62,$146.87,$181.16,$181.16,$226.88,$185.16,$230.88,$189.16,$234.88,$399.76,$445.48,$409.76,$455.48,$445.48,$491.20,$449.48,$495.20,$453.48,$499.20,$331.18,$376.90,$376.90,$422.62,$380.90,$426.62,$384.90,$430.62, $166.87 , $181.16 , $150.87 , $185.16 ,$187.16,$232.88,$191.16,$236.88,$333.18,$378.90,$337.18,$382.90,$42.00,$42.00,$46.00,$46.00,$401.76,$447.48,$405.76,$451.48,$42.00,$42.00,$46.00,$46.00,$142.87,$169.16,$138.87,$173.16,$175.16,$220.88,$179.16,$224.88,$326.18,$371.90,$330.18,$375.90,$35.00,$35.00,$39.00,$39.00,$394.76,$440.48,$398.76,$444.48,$35.00,$35.00,$39.00,$39.00,,,,
121.92 m / 400 ft,400FT,$173.73,$210.30,$210.30,$259.07,$214.30,$263.07,$218.30,$267.07,$438.14,$486.91,$444.14,$492.91,$486.91,$535.68,$490.91,$539.68,$494.91,$543.68,$364.99,$413.76,$413.76,$462.53,$417.76,$466.53,$421.76,$470.53,$153.73,$190.30,$190.30,$239.07,$194.30,$243.07,$198.30,$247.07,$424.14,$472.91,$434.14,$482.91,$472.91,$521.68,$476.91,$525.68,$480.91,$529.68,$350.99,$399.76,$399.76,$448.53,$403.76,$452.53,$407.76,$456.53, $173.73 , $190.30 , $157.73 , $194.30 ,$196.30,$245.07,$200.30,$249.07,$352.99,$401.76,$356.99,$405.76,$42.00,$42.00,$46.00,$46.00,$426.14,$474.91,$430.14,$478.91,$42.00,$42.00,$46.00,$46.00,$149.73,$178.30,$145.73,$182.30,$184.30,$233.07,$188.30,$237.07,$345.99,$394.76,$349.99,$398.76,$35.00,$35.00,$39.00,$39.00,$419.14,$467.91,$423.14,$471.91,$35.00,$35.00,$39.00,$39.00,,,,
125 m /  410.10 ft,125M,$176.50,$214.00,$214.00,$264.00,$218.00,$268.00,$222.00,$272.00,$448.00,$498.00,$454.00,$504.00,$498.00,$548.00,$502.00,$552.00,$506.00,$556.00,$373.00,$423.00,$423.00,$473.00,$427.00,$477.00,$431.00,$481.00,$156.50,$194.00,$194.00,$244.00,$198.00,$248.00,$202.00,$252.00,$434.00,$484.00,$444.00,$494.00,$484.00,$534.00,$488.00,$538.00,$492.00,$542.00,$359.00,$409.00,$409.00,$459.00,$413.00,$463.00,$417.00,$467.00, $176.50 , $194.00 , $160.50 , $198.00 ,$200.00,$250.00,$204.00,$254.00,$361.00,$411.00,$365.00,$415.00,$417.00,$467.00,$421.00,$471.00,$436.00,$486.00,$440.00,$490.00,$492.00,$542.00,$496.00,$546.00,$152.50,$182.00,$148.50,$186.00,$188.00,$238.00,$192.00,$242.00,$354.00,$404.00,$358.00,$408.00,$410.00,$460.00,$414.00,$464.00,$429.00,$479.00,$433.00,$483.00,$485.00,$535.00,$489.00,$539.00,,,,
129.54 m / 425 ft,425FT,$180.59,$219.45,$219.45,$271.26,$223.45,$275.26,$227.45,$279.26,$462.53,$514.34,$468.53,$520.34,$514.34,$566.16,$518.34,$570.16,$522.34,$574.16,$384.80,$436.62,$436.62,$488.44,$440.62,$492.44,$444.62,$496.44,$160.59,$199.45,$199.45,$251.26,$203.45,$255.26,$207.45,$259.26,$448.53,$500.34,$458.53,$510.34,$500.34,$552.16,$504.34,$556.16,$508.34,$560.16,$370.80,$422.62,$422.62,$474.44,$426.62,$478.44,$430.62,$482.44, $180.59 , $199.45 , $164.59 , $203.45 ,$205.45,$257.26,$209.45,$261.26,$372.80,$424.62,$376.80,$428.62,$42.00,$42.00,$46.00,$46.00,$450.53,$502.34,$454.53,$506.34,$42.00,$42.00,$46.00,$46.00,$156.59,$187.45,$152.59,$191.45,$193.45,$245.26,$197.45,$249.26,$365.80,$417.62,$369.80,$421.62,$35.00,$35.00,$39.00,$39.00,$443.53,$495.34,$447.53,$499.34,$35.00,$35.00,$39.00,$39.00,,,,
137.16 m / 450 ft,450FT,$187.44,$228.59,$228.59,$283.46,$232.59,$287.46,$236.59,$291.46,$486.91,$541.78,$492.91,$547.78,$541.78,$596.64,$545.78,$600.64,$549.78,$604.64,$404.62,$459.48,$459.48,$514.34,$463.48,$518.34,$467.48,$522.34,$167.44,$208.59,$208.59,$263.46,$212.59,$267.46,$216.59,$271.46,$472.91,$527.78,$482.91,$537.78,$527.78,$582.64,$531.78,$586.64,$535.78,$590.64,$390.62,$445.48,$445.48,$500.34,$449.48,$504.34,$453.48,$508.34, $187.44 , $208.59 , $171.44 , $212.59 ,$214.59,$269.46,$218.59,$273.46,$392.62,$447.48,$396.62,$451.48,$42.00,$42.00,$46.00,$46.00,$474.91,$529.78,$478.91,$533.78,$42.00,$42.00,$46.00,$46.00,$163.44,$196.59,$159.44,$200.59,$202.59,$257.46,$206.59,$261.46,$385.62,$440.48,$389.62,$444.48,$35.00,$35.00,$39.00,$39.00,$467.91,$522.78,$471.91,$526.78,$35.00,$35.00,$39.00,$39.00,,,,
144.78 m / 475 ft,475FT,$194.30,$237.74,$237.74,$295.65,$241.74,$299.65,$245.74,$303.65,$511.30,$569.21,$517.30,$575.21,$569.21,$627.12,$573.21,$631.12,$577.21,$635.12,$424.43,$482.34,$482.34,$540.25,$486.34,$544.25,$490.34,$548.25,$174.30,$217.74,$217.74,$275.65,$221.74,$279.65,$225.74,$283.65,$497.30,$555.21,$507.30,$565.21,$555.21,$613.12,$559.21,$617.12,$563.21,$621.12,$410.43,$468.34,$468.34,$526.25,$472.34,$530.25,$476.34,$534.25, $194.30 , $217.74 , $178.30 , $221.74 ,$223.74,$281.65,$227.74,$285.65,$412.43,$470.34,$416.43,$474.34,$42.00,$42.00,$46.00,$46.00,$499.30,$557.21,$503.30,$561.21,$42.00,$42.00,$46.00,$46.00,$170.30,$205.74,$166.30,$209.74,$211.74,$269.65,$215.74,$273.65,$405.43,$463.34,$409.43,$467.34,$35.00,$35.00,$39.00,$39.00,$492.30,$550.21,$496.30,$554.21,$35.00,$35.00,$39.00,$39.00,,,,
150 m / 492.12 ft,150M,$199.00,$244.00,$244.00,$304.00,$248.00,$308.00,$252.00,$312.00,$528.00,$588.00,$534.00,$594.00,$588.00,$648.00,$592.00,$652.00,$596.00,$656.00,$438.00,$498.00,$498.00,$558.00,$502.00,$562.00,$506.00,$566.00,$179.00,$224.00,$224.00,$284.00,$228.00,$288.00,$232.00,$292.00,$514.00,$574.00,$524.00,$584.00,$574.00,$634.00,$578.00,$638.00,$582.00,$642.00,$424.00,$484.00,$484.00,$544.00,$488.00,$548.00,$492.00,$552.00, $199.00 , $224.00 , $183.00 , $228.00 ,$230.00,$290.00,$234.00,$294.00,$426.00,$486.00,$430.00,$490.00,$492.00,$552.00,$496.00,$556.00,$516.00,$576.00,$520.00,$580.00,$582.00,$642.00,$586.00,$646.00,$175.00,$212.00,$171.00,$216.00,$218.00,$278.00,$222.00,$282.00,$419.00,$479.00,$423.00,$483.00,$485.00,$545.00,$489.00,$549.00,$509.00,$569.00,$513.00,$573.00,$575.00,$635.00,$579.00,$639.00,,,,
152.40 m / 500 ft,500FT,$201.16,$246.88,$246.88,$307.84,$250.88,$311.84,$254.88,$315.84,$535.68,$596.64,$541.68,$602.64,$596.64,$657.60,$600.64,$661.60,$604.64,$665.60,$444.24,$505.20,$505.20,$566.16,$509.20,$570.16,$513.20,$574.16,$181.16,$226.88,$226.88,$287.84,$230.88,$291.84,$234.88,$295.84,$521.68,$582.64,$531.68,$592.64,$582.64,$643.60,$586.64,$647.60,$590.64,$651.60,$430.24,$491.20,$491.20,$552.16,$495.20,$556.16,$499.20,$560.16, $201.16 , $226.88 , $185.16 , $230.88 ,$232.88,$293.84,$236.88,$297.84,$432.24,$493.20,$436.24,$497.20,$42.00,$42.00,$46.00,$46.00,$523.68,$584.64,$527.68,$588.64,$42.00,$42.00,$46.00,$46.00,$177.16,$214.88,$173.16,$218.88,$220.88,$281.84,$224.88,$285.84,$425.24,$486.20,$429.24,$490.20,$35.00,$35.00,$39.00,$39.00,$516.68,$577.64,$520.68,$581.64,$35.00,$35.00,$39.00,$39.00,,,,
160.02 m / 525 ft,525FT,$208.02,$256.02,$256.02,$320.03,$260.02,$324.03,$264.02,$328.03,$560.06,$624.07,$566.06,$630.07,$624.07,$688.08,$628.07,$692.08,$632.07,$696.08,$464.05,$528.06,$528.06,$592.07,$532.06,$596.07,$536.06,$600.07,$188.02,$236.02,$236.02,$300.03,$240.02,$304.03,$244.02,$308.03,$546.06,$610.07,$556.06,$620.07,$610.07,$674.08,$614.07,$678.08,$618.07,$682.08,$450.05,$514.06,$514.06,$578.07,$518.06,$582.07,$522.06,$586.07, $208.02 , $236.02 , $192.02 , $240.02 ,$242.02,$306.03,$246.02,$310.03,$452.05,$516.06,$456.05,$520.06,$42.00,$42.00,$46.00,$46.00,$548.06,$612.07,$552.06,$616.07,$42.00,$42.00,$46.00,$46.00,$184.02,$224.02,$180.02,$228.02,$230.02,$294.03,$234.02,$298.03,$445.05,$509.06,$449.05,$513.06,$35.00,$35.00,$39.00,$39.00,$541.06,$605.07,$545.06,$609.07,$35.00,$35.00,$39.00,$39.00,,,,
167.64 m / 550 ft,550FT,$214.88,$265.17,$265.17,$332.22,$269.17,$336.22,$273.17,$340.22,$584.45,$651.50,$590.45,$657.50,$651.50,$718.56,$655.50,$722.56,$659.50,$726.56,$483.86,$550.92,$550.92,$617.98,$554.92,$621.98,$558.92,$625.98,$194.88,$245.17,$245.17,$312.22,$249.17,$316.22,$253.17,$320.22,$570.45,$637.50,$580.45,$647.50,$637.50,$704.56,$641.50,$708.56,$645.50,$712.56,$469.86,$536.92,$536.92,$603.98,$540.92,$607.98,$544.92,$611.98, $214.88 , $245.17 , $198.88 , $249.17 ,$251.17,$318.22,$255.17,$322.22,$471.86,$538.92,$475.86,$542.92,$42.00,$42.00,$46.00,$46.00,$572.45,$639.50,$576.45,$643.50,$42.00,$42.00,$46.00,$46.00,$190.88,$233.17,$186.88,$237.17,$239.17,$306.22,$243.17,$310.22,$464.86,$531.92,$468.86,$535.92,$35.00,$35.00,$39.00,$39.00,$565.45,$632.50,$569.45,$636.50,$35.00,$35.00,$39.00,$39.00,,,,
175 m / 574.14 ft,175M,$221.50,$274.00,$274.00,$344.00,$278.00,$348.00,$282.00,$352.00,$608.00,$678.00,$614.00,$684.00,$678.00,$748.00,$682.00,$752.00,$686.00,$756.00,$503.00,$573.00,$573.00,$643.00,$577.00,$647.00,$581.00,$651.00,$201.50,$254.00,$254.00,$324.00,$258.00,$328.00,$262.00,$332.00,$594.00,$664.00,$604.00,$674.00,$664.00,$734.00,$668.00,$738.00,$672.00,$742.00,$489.00,$559.00,$559.00,$629.00,$563.00,$633.00,$567.00,$637.00, $221.50 , $254.00 , $205.50 , $258.00 ,$260.00,$330.00,$264.00,$334.00,$491.00,$561.00,$495.00,$565.00,$567.00,$637.00,$571.00,$641.00,$596.00,$666.00,$600.00,$670.00,$672.00,$742.00,$676.00,$746.00,$197.50,$242.00,$193.50,$246.00,$248.00,$318.00,$252.00,$322.00,$484.00,$554.00,$488.00,$558.00,$560.00,$630.00,$564.00,$634.00,$589.00,$659.00,$593.00,$663.00,$665.00,$735.00,$669.00,$739.00,,,,
182.88 m / 600 ft,600FT,$228.59,$283.46,$283.46,$356.61,$287.46,$360.61,$291.46,$364.61,$633.22,$706.37,$639.22,$712.37,$706.37,$779.52,$710.37,$783.52,$714.37,$787.52,$523.49,$596.64,$596.64,$669.79,$600.64,$673.79,$604.64,$677.79,$208.59,$263.46,$263.46,$336.61,$267.46,$340.61,$271.46,$344.61,$619.22,$692.37,$629.22,$702.37,$692.37,$765.52,$696.37,$769.52,$700.37,$773.52,$509.49,$582.64,$582.64,$655.79,$586.64,$659.79,$590.64,$663.79, $228.59 , $263.46 , $212.59 , $267.46 ,$269.46,$342.61,$273.46,$346.61,$511.49,$584.64,$515.49,$588.64,$42.00,$42.00,$46.00,$46.00,$621.22,$694.37,$625.22,$698.37,$42.00,$42.00,$46.00,$46.00,$204.59,$251.46,$200.59,$255.46,$257.46,$330.61,$261.46,$334.61,$504.49,$577.64,$508.49,$581.64,$35.00,$35.00,$39.00,$39.00,$614.22,$687.37,$618.22,$691.37,$35.00,$35.00,$39.00,$39.00,,,,
200 m / 656.16 ft,200M,$244.00,$304.00,$304.00,$384.00,$308.00,$388.00,$312.00,$392.00,$688.00,$768.00,$694.00,$774.00,$768.00,$848.00,$772.00,$852.00,$776.00,$856.00,$568.00,$648.00,$648.00,$728.00,$652.00,$732.00,$656.00,$736.00,$224.00,$284.00,$284.00,$364.00,$288.00,$368.00,$292.00,$372.00,$674.00,$754.00,$684.00,$764.00,$754.00,$834.00,$758.00,$838.00,$762.00,$842.00,$554.00,$634.00,$634.00,$714.00,$638.00,$718.00,$642.00,$722.00, $244.00 , $284.00 , $228.00 , $288.00 ,$290.00,$370.00,$294.00,$374.00,$556.00,$636.00,$560.00,$640.00,$642.00,$722.00,$646.00,$726.00,$676.00,$756.00,$680.00,$760.00,$762.00,$842.00,$766.00,$846.00,$220.00,$272.00,$216.00,$276.00,$278.00,$358.00,$282.00,$362.00,$549.00,$629.00,$553.00,$633.00,$635.00,$715.00,$639.00,$719.00,$669.00,$749.00,$673.00,$753.00,$755.00,$835.00,$759.00,$839.00,,,,
250 m / 820.20 ft,250M,$289.00,$364.00,$364.00,$464.00,$368.00,$468.00,$372.00,$472.00,$848.00,$948.00,$854.00,$954.00,$948.00,"$1,048.00",$952.00,"$1,052.00",$956.00,"$1,056.00",$698.00,$798.00,$798.00,$898.00,$802.00,$902.00,$806.00,$906.00,$269.00,$344.00,$344.00,$444.00,$348.00,$448.00,$352.00,$452.00,$834.00,$934.00,$844.00,$944.00,$934.00,"$1,034.00",$938.00,"$1,038.00",$942.00,"$1,042.00",$684.00,$784.00,$784.00,$884.00,$788.00,$888.00,$792.00,$892.00, $289.00 , $344.00 , $273.00 , $348.00 ,$350.00,$450.00,$354.00,$454.00,$686.00,$786.00,$690.00,$790.00,$792.00,$892.00,$796.00,$896.00,$836.00,$936.00,$840.00,$940.00,$942.00,"$1,042.00",$946.00,"$1,046.00",$265.00,$332.00,$261.00,$336.00,$338.00,$438.00,$342.00,$442.00,$679.00,$779.00,$683.00,$783.00,$785.00,$885.00,$789.00,$889.00,$829.00,$929.00,$833.00,$933.00,$935.00,"$1,035.00",$939.00,"$1,039.00",,,,
300 m / 984.25 ft,300M,$334.00,$424.00,$424.00,$544.00,$428.00,$548.00,$432.00,$552.00,"$1,008.00","$1,128.00","$1,014.00","$1,134.00","$1,128.00","$1,248.00","$1,132.00","$1,252.00","$1,136.00","$1,256.00",$828.00,$948.00,$948.00,"$1,068.00",$952.00,"$1,072.00",$956.00,"$1,076.00",$314.00,$404.00,$404.00,$524.00,$408.00,$528.00,$412.00,$532.00,$994.00,"$1,114.00","$1,004.00","$1,124.00","$1,114.00","$1,234.00","$1,118.00","$1,238.00","$1,122.00","$1,242.00",$814.00,$934.00,$934.00,"$1,054.00",$938.00,"$1,058.00",$942.00,"$1,062.00", $334.00 , $404.00 , $318.00 , $408.00 ,$410.00,$530.00,$414.00,$534.00,$816.00,$936.00,$820.00,$940.00,$942.00,"$1,062.00",$946.00,"$1,066.00",$996.00,"$1,116.00","$1,000.00","$1,120.00","$1,122.00","$1,242.00","$1,126.00","$1,246.00",$310.00,$392.00,$306.00,$396.00,$398.00,$518.00,$402.00,$522.00,$809.00,$929.00,$813.00,$933.00,$935.00,"$1,055.00",$939.00,"$1,059.00",$989.00,"$1,109.00",$993.00,"$1,113.00","$1,115.00","$1,235.00","$1,119.00","$1,239.00",,,,
304.8 m / 1000 ft,1000FT,$338.32,$429.76,$429.76,$551.68,$433.76,$555.68,$437.76,$559.68,"$1,023.36","$1,145.28","$1,029.36","$1,151.28","$1,145.28","$1,267.20","$1,149.28","$1,271.20","$1,153.28","$1,275.20",$840.48,$962.40,$962.40,"$1,084.32",$966.40,"$1,088.32",$970.40,"$1,092.32",$318.32,$409.76,$409.76,$531.68,$413.76,$535.68,$417.76,$539.68,"$1,009.36","$1,131.28","$1,019.36","$1,141.28","$1,131.28","$1,253.20","$1,135.28","$1,257.20","$1,139.28","$1,261.20",$826.48,$948.40,$948.40,"$1,070.32",$952.40,"$1,074.32",$956.40,"$1,078.32", $338.32 , $409.76 , $322.32 , $413.76 ,$415.76,$537.68,$419.76,$541.68,$828.48,$950.40,$832.48,$954.40,$42.00,$42.00,$46.00,$46.00,"$1,011.36","$1,133.28","$1,015.36","$1,137.28",$42.00,$42.00,$46.00,$46.00,$314.32,$397.76,$310.32,$401.76,$403.76,$525.68,$407.76,$529.68,$821.48,$943.40,$825.48,$947.40,$35.00,$35.00,$39.00,$39.00,"$1,004.36","$1,126.28","$1,008.36","$1,130.28",$35.00,$35.00,$39.00,$39.00,,,,
350 m / 1148.29 ft,350M,$379.00,$484.00,$484.00,$624.00,$488.00,$628.00,$492.00,$632.00,"$1,168.00","$1,308.00","$1,174.00","$1,314.00","$1,308.00","$1,448.00","$1,312.00","$1,452.00","$1,316.00","$1,456.00",$958.00,"$1,098.00","$1,098.00","$1,238.00","$1,102.00","$1,242.00","$1,106.00","$1,246.00",$359.00,$464.00,$464.00,$604.00,$468.00,$608.00,$472.00,$612.00,"$1,154.00","$1,294.00","$1,164.00","$1,304.00","$1,294.00","$1,434.00","$1,298.00","$1,438.00","$1,302.00","$1,442.00",$944.00,"$1,084.00","$1,084.00","$1,224.00","$1,088.00","$1,228.00","$1,092.00","$1,232.00", $379.00 , $464.00 , $363.00 , $468.00 ,$470.00,$610.00,$474.00,$614.00,,,,,,,,,"$1,156.00","$1,296.00","$1,160.00","$1,300.00","$1,302.00","$1,442.00","$1,306.00","$1,446.00",$355.00,$452.00,$351.00,$456.00,$458.00,$598.00,$462.00,$602.00,,,,,,,,,"$1,149.00","$1,289.00","$1,153.00","$1,293.00","$1,295.00","$1,435.00","$1,299.00","$1,439.00",,,,
400 m / 1312.33 ft,400M,$424.00,$544.00,$544.00,$704.00,$548.00,$708.00,$552.00,$712.00,"$1,328.00","$1,488.00","$1,334.00","$1,494.00","$1,488.00","$1,648.00","$1,492.00","$1,652.00","$1,496.00","$1,656.00","$1,088.00","$1,248.00","$1,248.00","$1,408.00","$1,252.00","$1,412.00","$1,256.00","$1,416.00",$404.00,$524.00,$524.00,$684.00,$528.00,$688.00,$532.00,$692.00,"$1,314.00","$1,474.00","$1,324.00","$1,484.00","$1,474.00","$1,634.00","$1,478.00","$1,638.00","$1,482.00","$1,642.00","$1,074.00","$1,234.00","$1,234.00","$1,394.00","$1,238.00","$1,398.00","$1,242.00","$1,402.00", $424.00 , $524.00 , $408.00 , $528.00 ,$530.00,$690.00,$534.00,$694.00,,,,,,,,,"$1,316.00","$1,476.00","$1,320.00","$1,480.00","$1,482.00","$1,642.00","$1,486.00","$1,646.00",$400.00,$512.00,$396.00,$516.00,$518.00,$678.00,$522.00,$682.00,,,,,,,,,"$1,309.00","$1,469.00","$1,313.00","$1,473.00","$1,475.00","$1,635.00","$1,479.00","$1,639.00",,,,
500 m / 1640.41 ft,500M,$514.00,$664.00,$664.00,$864.00,$668.00,$868.00,$672.00,$872.00,"$1,648.00","$1,848.00","$1,654.00","$1,854.00","$1,848.00","$2,048.00","$1,852.00","$2,052.00","$1,856.00","$2,056.00","$1,348.00","$1,548.00","$1,548.00","$1,748.00","$1,552.00","$1,752.00","$1,556.00","$1,756.00",$494.00,$644.00,$644.00,$844.00,$648.00,$848.00,$652.00,$852.00,"$1,634.00","$1,834.00","$1,644.00","$1,844.00","$1,834.00","$2,034.00","$1,838.00","$2,038.00","$1,842.00","$2,042.00","$1,334.00","$1,534.00","$1,534.00","$1,734.00","$1,538.00","$1,738.00","$1,542.00","$1,742.00", $514.00 , $644.00 , $498.00 , $648.00 ,$650.00,$850.00,$654.00,$854.00,,,,,,,,,"$1,636.00","$1,836.00","$1,640.00","$1,840.00","$1,842.00","$2,042.00","$1,846.00","$2,046.00",$490.00,$632.00,$486.00,$636.00,$638.00,$838.00,$642.00,$842.00,,,,,,,,,"$1,629.00","$1,829.00","$1,633.00","$1,833.00","$1,835.00","$2,035.00","$1,839.00","$2,039.00",,,,
550 m / 1804.46 ft,550M,$559.00,$724.00,$724.00,$944.00,$728.00,$948.00,$732.00,$952.00,"$1,808.00","$2,028.00","$1,814.00","$2,034.00","$2,028.00","$2,248.00","$2,032.00","$2,252.00","$2,036.00","$2,256.00","$1,478.00","$1,698.00","$1,698.00","$1,918.00","$1,702.00","$1,922.00","$1,706.00","$1,926.00",$539.00,$704.00,$704.00,$924.00,$708.00,$928.00,$712.00,$932.00,"$1,794.00","$2,014.00","$1,804.00","$2,024.00","$2,014.00","$2,234.00","$2,018.00","$2,238.00","$2,022.00","$2,242.00","$1,464.00","$1,684.00","$1,684.00","$1,904.00","$1,688.00","$1,908.00","$1,692.00","$1,912.00", $559.00 , $704.00 , $543.00 , $708.00 ,$710.00,$930.00,$714.00,$934.00,,,,,,,,,"$1,796.00","$2,016.00","$1,800.00","$2,020.00","$2,022.00","$2,242.00","$2,026.00","$2,246.00",$535.00,$692.00,$531.00,$696.00,$698.00,$918.00,$702.00,$922.00,,,,,,,,,"$1,789.00","$2,009.00","$1,793.00","$2,013.00","$2,015.00","$2,235.00","$2,019.00","$2,239.00",,,,
1000 m / 3280.83 ft,1000M,$964.00,"$1,264.00","$1,264.00","$1,664.00","$1,268.00","$1,668.00","$1,272.00","$1,672.00",,,,,,,,,,,,,,,,,,,$944.00,"$1,244.00","$1,244.00","$1,644.00","$1,248.00","$1,648.00","$1,252.00","$1,652.00",,,,,,,,,,,,,,,,,,, $964.00 ," $1,244.00 ", $948.00 ," $1,248.00 ","$1,250.00","$1,650.00","$1,254.00","$1,654.00",,,,,,,,,,,,,,,,,$940.00,"$1,232.00",$936.00,"$1,236.00","$1,238.00","$1,638.00","$1,242.00","$1,642.00",,,,,,,,,,,,,,,,,,,,
2000 m / 6561.66 ft,2000M,"$1,864.00","$2,464.00","$2,464.00","$3,264.00","$2,468.00","$3,268.00","$2,472.00","$3,272.00",,,,,,,,,,,,,,,,,,,"$1,844.00","$2,444.00","$2,444.00","$3,244.00","$2,448.00","$3,248.00","$2,452.00","$3,252.00",,,,,,,,,,,,,,,,,,," $1,864.00 "," $2,444.00 "," $1,848.00 "," $2,448.00 ","$2,450.00","$3,250.00","$2,454.00","$3,254.00",,,,,,,,,,,,,,,,,"$1,840.00","$2,432.00","$1,836.00","$2,436.00","$2,438.00","$3,238.00","$2,442.00","$3,242.00",,,,,,,,,,,,,,,,,,,,
